CTPS_ID,PROJECT_NUMBER,TIP_ID,CTPS_ID_1,TIP_ID_1,project_name,CTPS_ID_text
2077,,2077,2077.000000000000000,2077,Malden- Commercial Street Reconstruction [DESIGN ONLY],2077
2077,,2077,2077.000000000000000,2077,Malden- Commercial Street Reconstruction [DESIGN ONLY],2077
2077,,2077,2077.000000000000000,2077,Malden- Commercial Street Reconstruction [DESIGN ONLY],2077
2077,,2077,2077.000000000000000,2077,Malden- Commercial Street Reconstruction [DESIGN ONLY],2077
2077,,2077,2077.000000000000000,2077,Malden- Commercial Street Reconstruction [DESIGN ONLY],2077
2077,,2077,2077.000000000000000,2077,Malden- Commercial Street Reconstruction [DESIGN ONLY],2077
2077,,2077,2077.000000000000000,2077,Malden- Commercial Street Reconstruction [DESIGN ONLY],2077
2077,,2077,2077.000000000000000,2077,Malden- Commercial Street Reconstruction [DESIGN ONLY],2077
1994,610823,610823,1994.000000000000000,610823,Quincy- Intersection Improvements at Willard Street and Ricciuti Drive,1994
1994,610823,610823,1994.000000000000000,610823,Quincy- Intersection Improvements at Willard Street and Ricciuti Drive,1994
1994,610823,610823,1994.000000000000000,610823,Quincy- Intersection Improvements at Willard Street and Ricciuti Drive,1994
1994,610823,610823,1994.000000000000000,610823,Quincy- Intersection Improvements at Willard Street and Ricciuti Drive,1994
1994,610823,610823,1994.000000000000000,610823,Quincy- Intersection Improvements at Willard Street and Ricciuti Drive,1994
2016,612963,612963,2016.000000000000000,612963,"Bellingham- Roadway Rehabilitation of Route 126 (Hartford Road), from 800 North of the I-495 NB Off Ramp to Medway TL, including B-06-017",2016
2016,612963,612963,2016.000000000000000,612963,"Bellingham- Roadway Rehabilitation of Route 126 (Hartford Road), from 800 North of the I-495 NB Off Ramp to Medway TL, including B-06-017",2016
2016,612963,612963,2016.000000000000000,612963,"Bellingham- Roadway Rehabilitation of Route 126 (Hartford Road), from 800 North of the I-495 NB Off Ramp to Medway TL, including B-06-017",2016
2016,612963,612963,2016.000000000000000,612963,"Bellingham- Roadway Rehabilitation of Route 126 (Hartford Road), from 800 North of the I-495 NB Off Ramp to Medway TL, including B-06-017",2016
2016,612963,612963,2016.000000000000000,612963,"Bellingham- Roadway Rehabilitation of Route 126 (Hartford Road), from 800 North of the I-495 NB Off Ramp to Medway TL, including B-06-017",2016
2016,612963,612963,2016.000000000000000,612963,"Bellingham- Roadway Rehabilitation of Route 126 (Hartford Road), from 800 North of the I-495 NB Off Ramp to Medway TL, including B-06-017",2016
2016,612963,612963,2016.000000000000000,612963,"Bellingham- Roadway Rehabilitation of Route 126 (Hartford Road), from 800 North of the I-495 NB Off Ramp to Medway TL, including B-06-017",2016
2016,612963,612963,2016.000000000000000,612963,"Bellingham- Roadway Rehabilitation of Route 126 (Hartford Road), from 800 North of the I-495 NB Off Ramp to Medway TL, including B-06-017",2016
2016,612963,612963,2016.000000000000000,612963,"Bellingham- Roadway Rehabilitation of Route 126 (Hartford Road), from 800 North of the I-495 NB Off Ramp to Medway TL, including B-06-017",2016
2016,612963,612963,2016.000000000000000,612963,"Bellingham- Roadway Rehabilitation of Route 126 (Hartford Road), from 800 North of the I-495 NB Off Ramp to Medway TL, including B-06-017",2016
2016,612963,612963,2016.000000000000000,612963,"Bellingham- Roadway Rehabilitation of Route 126 (Hartford Road), from 800 North of the I-495 NB Off Ramp to Medway TL, including B-06-017",2016
2016,612963,612963,2016.000000000000000,612963,"Bellingham- Roadway Rehabilitation of Route 126 (Hartford Road), from 800 North of the I-495 NB Off Ramp to Medway TL, including B-06-017",2016
2016,612963,612963,2016.000000000000000,612963,"Bellingham- Roadway Rehabilitation of Route 126 (Hartford Road), from 800 North of the I-495 NB Off Ramp to Medway TL, including B-06-017",2016
2016,612963,612963,2016.000000000000000,612963,"Bellingham- Roadway Rehabilitation of Route 126 (Hartford Road), from 800 North of the I-495 NB Off Ramp to Medway TL, including B-06-017",2016
2016,612963,612963,2016.000000000000000,612963,"Bellingham- Roadway Rehabilitation of Route 126 (Hartford Road), from 800 North of the I-495 NB Off Ramp to Medway TL, including B-06-017",2016
2016,612963,612963,2016.000000000000000,612963,"Bellingham- Roadway Rehabilitation of Route 126 (Hartford Road), from 800 North of the I-495 NB Off Ramp to Medway TL, including B-06-017",2016
2016,612963,612963,2016.000000000000000,612963,"Bellingham- Roadway Rehabilitation of Route 126 (Hartford Road), from 800 North of the I-495 NB Off Ramp to Medway TL, including B-06-017",2016
2016,612963,612963,2016.000000000000000,612963,"Bellingham- Roadway Rehabilitation of Route 126 (Hartford Road), from 800 North of the I-495 NB Off Ramp to Medway TL, including B-06-017",2016
2016,612963,612963,2016.000000000000000,612963,"Bellingham- Roadway Rehabilitation of Route 126 (Hartford Road), from 800 North of the I-495 NB Off Ramp to Medway TL, including B-06-017",2016
2016,612963,612963,2016.000000000000000,612963,"Bellingham- Roadway Rehabilitation of Route 126 (Hartford Road), from 800 North of the I-495 NB Off Ramp to Medway TL, including B-06-017",2016
2016,612963,612963,2016.000000000000000,612963,"Bellingham- Roadway Rehabilitation of Route 126 (Hartford Road), from 800 North of the I-495 NB Off Ramp to Medway TL, including B-06-017",2016
2016,612963,612963,2016.000000000000000,612963,"Bellingham- Roadway Rehabilitation of Route 126 (Hartford Road), from 800 North of the I-495 NB Off Ramp to Medway TL, including B-06-017",2016
2016,612963,612963,2016.000000000000000,612963,"Bellingham- Roadway Rehabilitation of Route 126 (Hartford Road), from 800 North of the I-495 NB Off Ramp to Medway TL, including B-06-017",2016
2016,612963,612963,2016.000000000000000,612963,"Bellingham- Roadway Rehabilitation of Route 126 (Hartford Road), from 800 North of the I-495 NB Off Ramp to Medway TL, including B-06-017",2016
2016,612963,612963,2016.000000000000000,612963,"Bellingham- Roadway Rehabilitation of Route 126 (Hartford Road), from 800 North of the I-495 NB Off Ramp to Medway TL, including B-06-017",2016
2016,612963,612963,2016.000000000000000,612963,"Bellingham- Roadway Rehabilitation of Route 126 (Hartford Road), from 800 North of the I-495 NB Off Ramp to Medway TL, including B-06-017",2016
2016,612963,612963,2016.000000000000000,612963,"Bellingham- Roadway Rehabilitation of Route 126 (Hartford Road), from 800 North of the I-495 NB Off Ramp to Medway TL, including B-06-017",2016
2016,612963,612963,2016.000000000000000,612963,"Bellingham- Roadway Rehabilitation of Route 126 (Hartford Road), from 800 North of the I-495 NB Off Ramp to Medway TL, including B-06-017",2016
2016,612963,612963,2016.000000000000000,612963,"Bellingham- Roadway Rehabilitation of Route 126 (Hartford Road), from 800 North of the I-495 NB Off Ramp to Medway TL, including B-06-017",2016
2016,612963,612963,2016.000000000000000,612963,"Bellingham- Roadway Rehabilitation of Route 126 (Hartford Road), from 800 North of the I-495 NB Off Ramp to Medway TL, including B-06-017",2016
2016,612963,612963,2016.000000000000000,612963,"Bellingham- Roadway Rehabilitation of Route 126 (Hartford Road), from 800 North of the I-495 NB Off Ramp to Medway TL, including B-06-017",2016
2016,612963,612963,2016.000000000000000,612963,"Bellingham- Roadway Rehabilitation of Route 126 (Hartford Road), from 800 North of the I-495 NB Off Ramp to Medway TL, including B-06-017",2016
2016,612963,612963,2016.000000000000000,612963,"Bellingham- Roadway Rehabilitation of Route 126 (Hartford Road), from 800 North of the I-495 NB Off Ramp to Medway TL, including B-06-017",2016
2016,612963,612963,2016.000000000000000,612963,"Bellingham- Roadway Rehabilitation of Route 126 (Hartford Road), from 800 North of the I-495 NB Off Ramp to Medway TL, including B-06-017",2016
2045,,2045,2045.000000000000000,2045,Acton– Great Road– Harris to Davis Intersections and Complete Streets Project,2045
2045,,2045,2045.000000000000000,2045,Acton– Great Road– Harris to Davis Intersections and Complete Streets Project,2045
2045,,2045,2045.000000000000000,2045,Acton– Great Road– Harris to Davis Intersections and Complete Streets Project,2045
2045,,2045,2045.000000000000000,2045,Acton– Great Road– Harris to Davis Intersections and Complete Streets Project,2045
2045,,2045,2045.000000000000000,2045,Acton– Great Road– Harris to Davis Intersections and Complete Streets Project,2045
2045,,2045,2045.000000000000000,2045,Acton– Great Road– Harris to Davis Intersections and Complete Streets Project,2045
2045,,2045,2045.000000000000000,2045,Acton– Great Road– Harris to Davis Intersections and Complete Streets Project,2045
2045,,2045,2045.000000000000000,2045,Acton– Great Road– Harris to Davis Intersections and Complete Streets Project,2045
2082,,2082,2082.000000000000000,2082,Hudson- Massachusetts Central Rail Trail Construction,2082
2082,,2082,2082.000000000000000,2082,Hudson- Massachusetts Central Rail Trail Construction,2082
2082,,2082,2082.000000000000000,2082,Hudson- Massachusetts Central Rail Trail Construction,2082
2082,,2082,2082.000000000000000,2082,Hudson- Massachusetts Central Rail Trail Construction,2082
2082,,2082,2082.000000000000000,2082,Hudson- Massachusetts Central Rail Trail Construction,2082
2082,,2082,2082.000000000000000,2082,Hudson- Massachusetts Central Rail Trail Construction,2082
2082,,2082,2082.000000000000000,2082,Hudson- Massachusetts Central Rail Trail Construction,2082
2082,,2082,2082.000000000000000,2082,Hudson- Massachusetts Central Rail Trail Construction,2082
2082,,2082,2082.000000000000000,2082,Hudson- Massachusetts Central Rail Trail Construction,2082
2082,,2082,2082.000000000000000,2082,Hudson- Massachusetts Central Rail Trail Construction,2082
2052,612285,612285,2052.000000000000000,612285,Marlborough- Reconstruction of Granger Boulevard [DESIGN ONLY],2052
2052,612285,612285,2052.000000000000000,612285,Marlborough- Reconstruction of Granger Boulevard [DESIGN ONLY],2052
2052,612285,612285,2052.000000000000000,612285,Marlborough- Reconstruction of Granger Boulevard [DESIGN ONLY],2052
2052,612285,612285,2052.000000000000000,612285,Marlborough- Reconstruction of Granger Boulevard [DESIGN ONLY],2052
2052,612285,612285,2052.000000000000000,612285,Marlborough- Reconstruction of Granger Boulevard [DESIGN ONLY],2052
2052,612285,612285,2052.000000000000000,612285,Marlborough- Reconstruction of Granger Boulevard [DESIGN ONLY],2052
2052,612285,612285,2052.000000000000000,612285,Marlborough- Reconstruction of Granger Boulevard [DESIGN ONLY],2052
2052,612285,612285,2052.000000000000000,612285,Marlborough- Reconstruction of Granger Boulevard [DESIGN ONLY],2052
2052,612285,612285,2052.000000000000000,612285,Marlborough- Reconstruction of Granger Boulevard [DESIGN ONLY],2052
2052,612285,612285,2052.000000000000000,612285,Marlborough- Reconstruction of Granger Boulevard [DESIGN ONLY],2052
2052,612285,612285,2052.000000000000000,612285,Marlborough- Reconstruction of Granger Boulevard [DESIGN ONLY],2052
2052,612285,612285,2052.000000000000000,612285,Marlborough- Reconstruction of Granger Boulevard [DESIGN ONLY],2052
2052,612285,612285,2052.000000000000000,612285,Marlborough- Reconstruction of Granger Boulevard [DESIGN ONLY],2052
2052,612285,612285,2052.000000000000000,612285,Marlborough- Reconstruction of Granger Boulevard [DESIGN ONLY],2052
2052,612285,612285,2052.000000000000000,612285,Marlborough- Reconstruction of Granger Boulevard [DESIGN ONLY],2052
2052,612285,612285,2052.000000000000000,612285,Marlborough- Reconstruction of Granger Boulevard [DESIGN ONLY],2052
2052,612285,612285,2052.000000000000000,612285,Marlborough- Reconstruction of Granger Boulevard [DESIGN ONLY],2052
2052,612285,612285,2052.000000000000000,612285,Marlborough- Reconstruction of Granger Boulevard [DESIGN ONLY],2052
2053,,2053,2053.000000000000000,2053,Holliston- Intersection Improvements at Route 16 and Whitney Street,2053
2053,,2053,2053.000000000000000,2053,Holliston- Intersection Improvements at Route 16 and Whitney Street,2053
2053,,2053,2053.000000000000000,2053,Holliston- Intersection Improvements at Route 16 and Whitney Street,2053
2056,613641,613641,2056.000000000000000,613641,Burlington- Intersection Improvements at Route 3A/Cambridge Street and Winn Street (DESIGN ONLY),2056
2056,613641,613641,2056.000000000000000,613641,Burlington- Intersection Improvements at Route 3A/Cambridge Street and Winn Street (DESIGN ONLY),2056
2056,613641,613641,2056.000000000000000,613641,Burlington- Intersection Improvements at Route 3A/Cambridge Street and Winn Street (DESIGN ONLY),2056
2056,613641,613641,2056.000000000000000,613641,Burlington- Intersection Improvements at Route 3A/Cambridge Street and Winn Street (DESIGN ONLY),2056
2056,613641,613641,2056.000000000000000,613641,Burlington- Intersection Improvements at Route 3A/Cambridge Street and Winn Street (DESIGN ONLY),2056
2056,613641,613641,2056.000000000000000,613641,Burlington- Intersection Improvements at Route 3A/Cambridge Street and Winn Street (DESIGN ONLY),2056
2056,613641,613641,2056.000000000000000,613641,Burlington- Intersection Improvements at Route 3A/Cambridge Street and Winn Street (DESIGN ONLY),2056
2056,613641,613641,2056.000000000000000,613641,Burlington- Intersection Improvements at Route 3A/Cambridge Street and Winn Street (DESIGN ONLY),2056
2056,613641,613641,2056.000000000000000,613641,Burlington- Intersection Improvements at Route 3A/Cambridge Street and Winn Street (DESIGN ONLY),2056
2056,613641,613641,2056.000000000000000,613641,Burlington- Intersection Improvements at Route 3A/Cambridge Street and Winn Street (DESIGN ONLY),2056
2056,613641,613641,2056.000000000000000,613641,Burlington- Intersection Improvements at Route 3A/Cambridge Street and Winn Street (DESIGN ONLY),2056
2056,613641,613641,2056.000000000000000,613641,Burlington- Intersection Improvements at Route 3A/Cambridge Street and Winn Street (DESIGN ONLY),2056
2056,613641,613641,2056.000000000000000,613641,Burlington- Intersection Improvements at Route 3A/Cambridge Street and Winn Street (DESIGN ONLY),2056
2056,613641,613641,2056.000000000000000,613641,Burlington- Intersection Improvements at Route 3A/Cambridge Street and Winn Street (DESIGN ONLY),2056
2056,613641,613641,2056.000000000000000,613641,Burlington- Intersection Improvements at Route 3A/Cambridge Street and Winn Street (DESIGN ONLY),2056
2056,613641,613641,2056.000000000000000,613641,Burlington- Intersection Improvements at Route 3A/Cambridge Street and Winn Street (DESIGN ONLY),2056
2056,613641,613641,2056.000000000000000,613641,Burlington- Intersection Improvements at Route 3A/Cambridge Street and Winn Street (DESIGN ONLY),2056
2056,613641,613641,2056.000000000000000,613641,Burlington- Intersection Improvements at Route 3A/Cambridge Street and Winn Street (DESIGN ONLY),2056
2056,613641,613641,2056.000000000000000,613641,Burlington- Intersection Improvements at Route 3A/Cambridge Street and Winn Street (DESIGN ONLY),2056
2056,613641,613641,2056.000000000000000,613641,Burlington- Intersection Improvements at Route 3A/Cambridge Street and Winn Street (DESIGN ONLY),2056
2056,613641,613641,2056.000000000000000,613641,Burlington- Intersection Improvements at Route 3A/Cambridge Street and Winn Street (DESIGN ONLY),2056
2056,613641,613641,2056.000000000000000,613641,Burlington- Intersection Improvements at Route 3A/Cambridge Street and Winn Street (DESIGN ONLY),2056
2056,613641,613641,2056.000000000000000,613641,Burlington- Intersection Improvements at Route 3A/Cambridge Street and Winn Street (DESIGN ONLY),2056
2056,613641,613641,2056.000000000000000,613641,Burlington- Intersection Improvements at Route 3A/Cambridge Street and Winn Street (DESIGN ONLY),2056
2056,613641,613641,2056.000000000000000,613641,Burlington- Intersection Improvements at Route 3A/Cambridge Street and Winn Street (DESIGN ONLY),2056
2056,613641,613641,2056.000000000000000,613641,Burlington- Intersection Improvements at Route 3A/Cambridge Street and Winn Street (DESIGN ONLY),2056
2056,613641,613641,2056.000000000000000,613641,Burlington- Intersection Improvements at Route 3A/Cambridge Street and Winn Street (DESIGN ONLY),2056
2056,613641,613641,2056.000000000000000,613641,Burlington- Intersection Improvements at Route 3A/Cambridge Street and Winn Street (DESIGN ONLY),2056
2056,613641,613641,2056.000000000000000,613641,Burlington- Intersection Improvements at Route 3A/Cambridge Street and Winn Street (DESIGN ONLY),2056
2056,613641,613641,2056.000000000000000,613641,Burlington- Intersection Improvements at Route 3A/Cambridge Street and Winn Street (DESIGN ONLY),2056
2056,613641,613641,2056.000000000000000,613641,Burlington- Intersection Improvements at Route 3A/Cambridge Street and Winn Street (DESIGN ONLY),2056
2054,,2054,2054.000000000000000,2054,Framingham- Chris Walsh Trail Phase 2,2054
2082,,2082,2082.000000000000000,2082,Hudson- Massachusetts Central Rail Trail Construction,2082
2074,,2074,2074.000000000000000,613644,Norfolk-Wrentham-Walpole - Shared Use Path Installation (Metacomet Greenway) [DESIGN ONLY],2074
2075,,2075,2075.000000000000000,2075,Arlington- Broadway Complete Streets 25% Design,2075
2075,,2075,2075.000000000000000,2075,Arlington- Broadway Complete Streets 25% Design,2075
2075,,2075,2075.000000000000000,2075,Arlington- Broadway Complete Streets 25% Design,2075
2075,,2075,2075.000000000000000,2075,Arlington- Broadway Complete Streets 25% Design,2075
2075,,2075,2075.000000000000000,2075,Arlington- Broadway Complete Streets 25% Design,2075
2075,,2075,2075.000000000000000,2075,Arlington- Broadway Complete Streets 25% Design,2075
2075,,2075,2075.000000000000000,2075,Arlington- Broadway Complete Streets 25% Design,2075
2075,,2075,2075.000000000000000,2075,Arlington- Broadway Complete Streets 25% Design,2075
2075,,2075,2075.000000000000000,2075,Arlington- Broadway Complete Streets 25% Design,2075
2075,,2075,2075.000000000000000,2075,Arlington- Broadway Complete Streets 25% Design,2075
2075,,2075,2075.000000000000000,2075,Arlington- Broadway Complete Streets 25% Design,2075
2075,,2075,2075.000000000000000,2075,Arlington- Broadway Complete Streets 25% Design,2075
2075,,2075,2075.000000000000000,2075,Arlington- Broadway Complete Streets 25% Design,2075
2075,,2075,2075.000000000000000,2075,Arlington- Broadway Complete Streets 25% Design,2075
2075,,2075,2075.000000000000000,2075,Arlington- Broadway Complete Streets 25% Design,2075
2075,,2075,2075.000000000000000,2075,Arlington- Broadway Complete Streets 25% Design,2075
2075,,2075,2075.000000000000000,2075,Arlington- Broadway Complete Streets 25% Design,2075
2075,,2075,2075.000000000000000,2075,Arlington- Broadway Complete Streets 25% Design,2075
2075,,2075,2075.000000000000000,2075,Arlington- Broadway Complete Streets 25% Design,2075
2075,,2075,2075.000000000000000,2075,Arlington- Broadway Complete Streets 25% Design,2075
2075,,2075,2075.000000000000000,2075,Arlington- Broadway Complete Streets 25% Design,2075
2075,,2075,2075.000000000000000,2075,Arlington- Broadway Complete Streets 25% Design,2075
2075,,2075,2075.000000000000000,2075,Arlington- Broadway Complete Streets 25% Design,2075
2075,,2075,2075.000000000000000,2075,Arlington- Broadway Complete Streets 25% Design,2075
2075,,2075,2075.000000000000000,2075,Arlington- Broadway Complete Streets 25% Design,2075
2076,,2076,2076.000000000000000,2076,"Boston- Reconstruction of Bennington Street, Porter Street to Wood Island Busway",2076
2076,,2076,2076.000000000000000,2076,"Boston- Reconstruction of Bennington Street, Porter Street to Wood Island Busway",2076
2076,,2076,2076.000000000000000,2076,"Boston- Reconstruction of Bennington Street, Porter Street to Wood Island Busway",2076
2076,,2076,2076.000000000000000,2076,"Boston- Reconstruction of Bennington Street, Porter Street to Wood Island Busway",2076
2076,,2076,2076.000000000000000,2076,"Boston- Reconstruction of Bennington Street, Porter Street to Wood Island Busway",2076
2076,,2076,2076.000000000000000,2076,"Boston- Reconstruction of Bennington Street, Porter Street to Wood Island Busway",2076
2076,,2076,2076.000000000000000,2076,"Boston- Reconstruction of Bennington Street, Porter Street to Wood Island Busway",2076
2076,,2076,2076.000000000000000,2076,"Boston- Reconstruction of Bennington Street, Porter Street to Wood Island Busway",2076
2076,,2076,2076.000000000000000,2076,"Boston- Reconstruction of Bennington Street, Porter Street to Wood Island Busway",2076
2076,,2076,2076.000000000000000,2076,"Boston- Reconstruction of Bennington Street, Porter Street to Wood Island Busway",2076
2076,,2076,2076.000000000000000,2076,"Boston- Reconstruction of Bennington Street, Porter Street to Wood Island Busway",2076
2076,,2076,2076.000000000000000,2076,"Boston- Reconstruction of Bennington Street, Porter Street to Wood Island Busway",2076
2076,,2076,2076.000000000000000,2076,"Boston- Reconstruction of Bennington Street, Porter Street to Wood Island Busway",2076
2076,,2076,2076.000000000000000,2076,"Boston- Reconstruction of Bennington Street, Porter Street to Wood Island Busway",2076
2076,,2076,2076.000000000000000,2076,"Boston- Reconstruction of Bennington Street, Porter Street to Wood Island Busway",2076
2076,,2076,2076.000000000000000,2076,"Boston- Reconstruction of Bennington Street, Porter Street to Wood Island Busway",2076
2076,,2076,2076.000000000000000,2076,"Boston- Reconstruction of Bennington Street, Porter Street to Wood Island Busway",2076
2076,,2076,2076.000000000000000,2076,"Boston- Reconstruction of Bennington Street, Porter Street to Wood Island Busway",2076
2076,,2076,2076.000000000000000,2076,"Boston- Reconstruction of Bennington Street, Porter Street to Wood Island Busway",2076
2076,,2076,2076.000000000000000,2076,"Boston- Reconstruction of Bennington Street, Porter Street to Wood Island Busway",2076
2076,,2076,2076.000000000000000,2076,"Boston- Reconstruction of Bennington Street, Porter Street to Wood Island Busway",2076
2076,,2076,2076.000000000000000,2076,"Boston- Reconstruction of Bennington Street, Porter Street to Wood Island Busway",2076
2076,,2076,2076.000000000000000,2076,"Boston- Reconstruction of Bennington Street, Porter Street to Wood Island Busway",2076
2076,,2076,2076.000000000000000,2076,"Boston- Reconstruction of Bennington Street, Porter Street to Wood Island Busway",2076
2076,,2076,2076.000000000000000,2076,"Boston- Reconstruction of Bennington Street, Porter Street to Wood Island Busway",2076
2076,,2076,2076.000000000000000,2076,"Boston- Reconstruction of Bennington Street, Porter Street to Wood Island Busway",2076
2076,,2076,2076.000000000000000,2076,"Boston- Reconstruction of Bennington Street, Porter Street to Wood Island Busway",2076
2076,,2076,2076.000000000000000,2076,"Boston- Reconstruction of Bennington Street, Porter Street to Wood Island Busway",2076
2076,,2076,2076.000000000000000,2076,"Boston- Reconstruction of Bennington Street, Porter Street to Wood Island Busway",2076
2076,,2076,2076.000000000000000,2076,"Boston- Reconstruction of Bennington Street, Porter Street to Wood Island Busway",2076
2076,,2076,2076.000000000000000,2076,"Boston- Reconstruction of Bennington Street, Porter Street to Wood Island Busway",2076
2076,,2076,2076.000000000000000,2076,"Boston- Reconstruction of Bennington Street, Porter Street to Wood Island Busway",2076
2076,,2076,2076.000000000000000,2076,"Boston- Reconstruction of Bennington Street, Porter Street to Wood Island Busway",2076
2076,,2076,2076.000000000000000,2076,"Boston- Reconstruction of Bennington Street, Porter Street to Wood Island Busway",2076
2076,,2076,2076.000000000000000,2076,"Boston- Reconstruction of Bennington Street, Porter Street to Wood Island Busway",2076
2076,,2076,2076.000000000000000,2076,"Boston- Reconstruction of Bennington Street, Porter Street to Wood Island Busway",2076
2076,,2076,2076.000000000000000,2076,"Boston- Reconstruction of Bennington Street, Porter Street to Wood Island Busway",2076
2076,,2076,2076.000000000000000,2076,"Boston- Reconstruction of Bennington Street, Porter Street to Wood Island Busway",2076
2076,,2076,2076.000000000000000,2076,"Boston- Reconstruction of Bennington Street, Porter Street to Wood Island Busway",2076
2076,,2076,2076.000000000000000,2076,"Boston- Reconstruction of Bennington Street, Porter Street to Wood Island Busway",2076
2076,,2076,2076.000000000000000,2076,"Boston- Reconstruction of Bennington Street, Porter Street to Wood Island Busway",2076
2076,,2076,2076.000000000000000,2076,"Boston- Reconstruction of Bennington Street, Porter Street to Wood Island Busway",2076
2076,,2076,2076.000000000000000,2076,"Boston- Reconstruction of Bennington Street, Porter Street to Wood Island Busway",2076
2076,,2076,2076.000000000000000,2076,"Boston- Reconstruction of Bennington Street, Porter Street to Wood Island Busway",2076
2076,,2076,2076.000000000000000,2076,"Boston- Reconstruction of Bennington Street, Porter Street to Wood Island Busway",2076
2076,,2076,2076.000000000000000,2076,"Boston- Reconstruction of Bennington Street, Porter Street to Wood Island Busway",2076
2076,,2076,2076.000000000000000,2076,"Boston- Reconstruction of Bennington Street, Porter Street to Wood Island Busway",2076
2076,,2076,2076.000000000000000,2076,"Boston- Reconstruction of Bennington Street, Porter Street to Wood Island Busway",2076
2076,,2076,2076.000000000000000,2076,"Boston- Reconstruction of Bennington Street, Porter Street to Wood Island Busway",2076
2076,,2076,2076.000000000000000,2076,"Boston- Reconstruction of Bennington Street, Porter Street to Wood Island Busway",2076
2076,,2076,2076.000000000000000,2076,"Boston- Reconstruction of Bennington Street, Porter Street to Wood Island Busway",2076
2076,,2076,2076.000000000000000,2076,"Boston- Reconstruction of Bennington Street, Porter Street to Wood Island Busway",2076
2078,,2078,2078.000000000000000,2078,Salem- Broad Street and Dalton Parkway Corridor Project,2078
2078,,2078,2078.000000000000000,2078,Salem- Broad Street and Dalton Parkway Corridor Project,2078
2078,,2078,2078.000000000000000,2078,Salem- Broad Street and Dalton Parkway Corridor Project,2078
2078,,2078,2078.000000000000000,2078,Salem- Broad Street and Dalton Parkway Corridor Project,2078
2078,,2078,2078.000000000000000,2078,Salem- Broad Street and Dalton Parkway Corridor Project,2078
2078,,2078,2078.000000000000000,2078,Salem- Broad Street and Dalton Parkway Corridor Project,2078
2078,,2078,2078.000000000000000,2078,Salem- Broad Street and Dalton Parkway Corridor Project,2078
2078,,2078,2078.000000000000000,2078,Salem- Broad Street and Dalton Parkway Corridor Project,2078
2078,,2078,2078.000000000000000,2078,Salem- Broad Street and Dalton Parkway Corridor Project,2078
2078,,2078,2078.000000000000000,2078,Salem- Broad Street and Dalton Parkway Corridor Project,2078
2078,,2078,2078.000000000000000,2078,Salem- Broad Street and Dalton Parkway Corridor Project,2078
2078,,2078,2078.000000000000000,2078,Salem- Broad Street and Dalton Parkway Corridor Project,2078
2078,,2078,2078.000000000000000,2078,Salem- Broad Street and Dalton Parkway Corridor Project,2078
2079,612962,612962,2079.000000000000000,612962,Southborough- Reclamation of Marlborough Road (Route 85) and Framingham Road from Marlborough C.L to Route 30 (DESIGN ONLY),2079
2079,612962,612962,2079.000000000000000,612962,Southborough- Reclamation of Marlborough Road (Route 85) and Framingham Road from Marlborough C.L to Route 30 (DESIGN ONLY),2079
2079,612962,612962,2079.000000000000000,612962,Southborough- Reclamation of Marlborough Road (Route 85) and Framingham Road from Marlborough C.L to Route 30 (DESIGN ONLY),2079
2079,612962,612962,2079.000000000000000,612962,Southborough- Reclamation of Marlborough Road (Route 85) and Framingham Road from Marlborough C.L to Route 30 (DESIGN ONLY),2079
2079,612962,612962,2079.000000000000000,612962,Southborough- Reclamation of Marlborough Road (Route 85) and Framingham Road from Marlborough C.L to Route 30 (DESIGN ONLY),2079
2079,612962,612962,2079.000000000000000,612962,Southborough- Reclamation of Marlborough Road (Route 85) and Framingham Road from Marlborough C.L to Route 30 (DESIGN ONLY),2079
2079,612962,612962,2079.000000000000000,612962,Southborough- Reclamation of Marlborough Road (Route 85) and Framingham Road from Marlborough C.L to Route 30 (DESIGN ONLY),2079
2079,612962,612962,2079.000000000000000,612962,Southborough- Reclamation of Marlborough Road (Route 85) and Framingham Road from Marlborough C.L to Route 30 (DESIGN ONLY),2079
2079,612962,612962,2079.000000000000000,612962,Southborough- Reclamation of Marlborough Road (Route 85) and Framingham Road from Marlborough C.L to Route 30 (DESIGN ONLY),2079
2079,612962,612962,2079.000000000000000,612962,Southborough- Reclamation of Marlborough Road (Route 85) and Framingham Road from Marlborough C.L to Route 30 (DESIGN ONLY),2079
2079,612962,612962,2079.000000000000000,612962,Southborough- Reclamation of Marlborough Road (Route 85) and Framingham Road from Marlborough C.L to Route 30 (DESIGN ONLY),2079
2079,612962,612962,2079.000000000000000,612962,Southborough- Reclamation of Marlborough Road (Route 85) and Framingham Road from Marlborough C.L to Route 30 (DESIGN ONLY),2079
2079,612962,612962,2079.000000000000000,612962,Southborough- Reclamation of Marlborough Road (Route 85) and Framingham Road from Marlborough C.L to Route 30 (DESIGN ONLY),2079
2079,612962,612962,2079.000000000000000,612962,Southborough- Reclamation of Marlborough Road (Route 85) and Framingham Road from Marlborough C.L to Route 30 (DESIGN ONLY),2079
2079,612962,612962,2079.000000000000000,612962,Southborough- Reclamation of Marlborough Road (Route 85) and Framingham Road from Marlborough C.L to Route 30 (DESIGN ONLY),2079
2079,612962,612962,2079.000000000000000,612962,Southborough- Reclamation of Marlborough Road (Route 85) and Framingham Road from Marlborough C.L to Route 30 (DESIGN ONLY),2079
2079,612962,612962,2079.000000000000000,612962,Southborough- Reclamation of Marlborough Road (Route 85) and Framingham Road from Marlborough C.L to Route 30 (DESIGN ONLY),2079
2079,612962,612962,2079.000000000000000,612962,Southborough- Reclamation of Marlborough Road (Route 85) and Framingham Road from Marlborough C.L to Route 30 (DESIGN ONLY),2079
2079,612962,612962,2079.000000000000000,612962,Southborough- Reclamation of Marlborough Road (Route 85) and Framingham Road from Marlborough C.L to Route 30 (DESIGN ONLY),2079
2079,612962,612962,2079.000000000000000,612962,Southborough- Reclamation of Marlborough Road (Route 85) and Framingham Road from Marlborough C.L to Route 30 (DESIGN ONLY),2079
2079,612962,612962,2079.000000000000000,612962,Southborough- Reclamation of Marlborough Road (Route 85) and Framingham Road from Marlborough C.L to Route 30 (DESIGN ONLY),2079
2079,612962,612962,2079.000000000000000,612962,Southborough- Reclamation of Marlborough Road (Route 85) and Framingham Road from Marlborough C.L to Route 30 (DESIGN ONLY),2079
2079,612962,612962,2079.000000000000000,612962,Southborough- Reclamation of Marlborough Road (Route 85) and Framingham Road from Marlborough C.L to Route 30 (DESIGN ONLY),2079
2079,612962,612962,2079.000000000000000,612962,Southborough- Reclamation of Marlborough Road (Route 85) and Framingham Road from Marlborough C.L to Route 30 (DESIGN ONLY),2079
2079,612962,612962,2079.000000000000000,612962,Southborough- Reclamation of Marlborough Road (Route 85) and Framingham Road from Marlborough C.L to Route 30 (DESIGN ONLY),2079
2080,,2080,2080.000000000000000,2080,Sherborn- Reconstruction of Route 27 and Route 16,2080
2080,,2080,2080.000000000000000,2080,Sherborn- Reconstruction of Route 27 and Route 16,2080
2080,,2080,2080.000000000000000,2080,Sherborn- Reconstruction of Route 27 and Route 16,2080
2080,,2080,2080.000000000000000,2080,Sherborn- Reconstruction of Route 27 and Route 16,2080
2080,,2080,2080.000000000000000,2080,Sherborn- Reconstruction of Route 27 and Route 16,2080
2080,,2080,2080.000000000000000,2080,Sherborn- Reconstruction of Route 27 and Route 16,2080
2080,,2080,2080.000000000000000,2080,Sherborn- Reconstruction of Route 27 and Route 16,2080
2080,,2080,2080.000000000000000,2080,Sherborn- Reconstruction of Route 27 and Route 16,2080
2080,,2080,2080.000000000000000,2080,Sherborn- Reconstruction of Route 27 and Route 16,2080
2080,,2080,2080.000000000000000,2080,Sherborn- Reconstruction of Route 27 and Route 16,2080
2080,,2080,2080.000000000000000,2080,Sherborn- Reconstruction of Route 27 and Route 16,2080
2080,,2080,2080.000000000000000,2080,Sherborn- Reconstruction of Route 27 and Route 16,2080
2080,,2080,2080.000000000000000,2080,Sherborn- Reconstruction of Route 27 and Route 16,2080
2080,,2080,2080.000000000000000,2080,Sherborn- Reconstruction of Route 27 and Route 16,2080
2080,,2080,2080.000000000000000,2080,Sherborn- Reconstruction of Route 27 and Route 16,2080
2080,,2080,2080.000000000000000,2080,Sherborn- Reconstruction of Route 27 and Route 16,2080
2080,,2080,2080.000000000000000,2080,Sherborn- Reconstruction of Route 27 and Route 16,2080
2080,,2080,2080.000000000000000,2080,Sherborn- Reconstruction of Route 27 and Route 16,2080
2080,,2080,2080.000000000000000,2080,Sherborn- Reconstruction of Route 27 and Route 16,2080
2080,,2080,2080.000000000000000,2080,Sherborn- Reconstruction of Route 27 and Route 16,2080
2080,,2080,2080.000000000000000,2080,Sherborn- Reconstruction of Route 27 and Route 16,2080
2080,,2080,2080.000000000000000,2080,Sherborn- Reconstruction of Route 27 and Route 16,2080
2080,,2080,2080.000000000000000,2080,Sherborn- Reconstruction of Route 27 and Route 16,2080
2080,,2080,2080.000000000000000,2080,Sherborn- Reconstruction of Route 27 and Route 16,2080
2080,,2080,2080.000000000000000,2080,Sherborn- Reconstruction of Route 27 and Route 16,2080
2080,,2080,2080.000000000000000,2080,Sherborn- Reconstruction of Route 27 and Route 16,2080
2080,,2080,2080.000000000000000,2080,Sherborn- Reconstruction of Route 27 and Route 16,2080
2080,,2080,2080.000000000000000,2080,Sherborn- Reconstruction of Route 27 and Route 16,2080
2080,,2080,2080.000000000000000,2080,Sherborn- Reconstruction of Route 27 and Route 16,2080
2080,,2080,2080.000000000000000,2080,Sherborn- Reconstruction of Route 27 and Route 16,2080
2080,,2080,2080.000000000000000,2080,Sherborn- Reconstruction of Route 27 and Route 16,2080
2080,,2080,2080.000000000000000,2080,Sherborn- Reconstruction of Route 27 and Route 16,2080
2080,,2080,2080.000000000000000,2080,Sherborn- Reconstruction of Route 27 and Route 16,2080
2080,,2080,2080.000000000000000,2080,Sherborn- Reconstruction of Route 27 and Route 16,2080
2080,,2080,2080.000000000000000,2080,Sherborn- Reconstruction of Route 27 and Route 16,2080
2080,,2080,2080.000000000000000,2080,Sherborn- Reconstruction of Route 27 and Route 16,2080
2080,,2080,2080.000000000000000,2080,Sherborn- Reconstruction of Route 27 and Route 16,2080
2080,,2080,2080.000000000000000,2080,Sherborn- Reconstruction of Route 27 and Route 16,2080
2080,,2080,2080.000000000000000,2080,Sherborn- Reconstruction of Route 27 and Route 16,2080
2080,,2080,2080.000000000000000,2080,Sherborn- Reconstruction of Route 27 and Route 16,2080
2080,,2080,2080.000000000000000,2080,Sherborn- Reconstruction of Route 27 and Route 16,2080
2080,,2080,2080.000000000000000,2080,Sherborn- Reconstruction of Route 27 and Route 16,2080
2080,,2080,2080.000000000000000,2080,Sherborn- Reconstruction of Route 27 and Route 16,2080
2080,,2080,2080.000000000000000,2080,Sherborn- Reconstruction of Route 27 and Route 16,2080
2080,,2080,2080.000000000000000,2080,Sherborn- Reconstruction of Route 27 and Route 16,2080
2080,,2080,2080.000000000000000,2080,Sherborn- Reconstruction of Route 27 and Route 16,2080
2080,,2080,2080.000000000000000,2080,Sherborn- Reconstruction of Route 27 and Route 16,2080
2080,,2080,2080.000000000000000,2080,Sherborn- Reconstruction of Route 27 and Route 16,2080
2080,,2080,2080.000000000000000,2080,Sherborn- Reconstruction of Route 27 and Route 16,2080
2082,,2082,2082.000000000000000,2082,Hudson- Massachusetts Central Rail Trail Construction,2082
2083,,2083,2083.000000000000000,2083,Malden Canal Street Bicycle Lanes,2083
2083,,2083,2083.000000000000000,2083,Malden Canal Street Bicycle Lanes,2083
2084,,2084,2084.000000000000000,2084,Arlington Bicycle Rack Expansion Project,2084
2084,,2084,2084.000000000000000,2084,Arlington Bicycle Rack Expansion Project,2084
2084,,2084,2084.000000000000000,2084,Arlington Bicycle Rack Expansion Project,2084
2084,,2084,2084.000000000000000,2084,Arlington Bicycle Rack Expansion Project,2084
2084,,2084,2084.000000000000000,2084,Arlington Bicycle Rack Expansion Project,2084
2084,,2084,2084.000000000000000,2084,Arlington Bicycle Rack Expansion Project,2084
2084,,2084,2084.000000000000000,2084,Arlington Bicycle Rack Expansion Project,2084
2084,,2084,2084.000000000000000,2084,Arlington Bicycle Rack Expansion Project,2084
2084,,2084,2084.000000000000000,2084,Arlington Bicycle Rack Expansion Project,2084
2084,,2084,2084.000000000000000,2084,Arlington Bicycle Rack Expansion Project,2084
2084,,2084,2084.000000000000000,2084,Arlington Bicycle Rack Expansion Project,2084
2084,,2084,2084.000000000000000,2084,Arlington Bicycle Rack Expansion Project,2084
2084,,2084,2084.000000000000000,2084,Arlington Bicycle Rack Expansion Project,2084
2084,,2084,2084.000000000000000,2084,Arlington Bicycle Rack Expansion Project,2084
2084,,2084,2084.000000000000000,2084,Arlington Bicycle Rack Expansion Project,2084
2084,,2084,2084.000000000000000,2084,Arlington Bicycle Rack Expansion Project,2084
2084,,2084,2084.000000000000000,2084,Arlington Bicycle Rack Expansion Project,2084
2084,,2084,2084.000000000000000,2084,Arlington Bicycle Rack Expansion Project,2084
2084,,2084,2084.000000000000000,2084,Arlington Bicycle Rack Expansion Project,2084
2084,,2084,2084.000000000000000,2084,Arlington Bicycle Rack Expansion Project,2084
2084,,2084,2084.000000000000000,2084,Arlington Bicycle Rack Expansion Project,2084
2084,,2084,2084.000000000000000,2084,Arlington Bicycle Rack Expansion Project,2084
2084,,2084,2084.000000000000000,2084,Arlington Bicycle Rack Expansion Project,2084
2084,,2084,2084.000000000000000,2084,Arlington Bicycle Rack Expansion Project,2084
2084,,2084,2084.000000000000000,2084,Arlington Bicycle Rack Expansion Project,2084
2084,,2084,2084.000000000000000,2084,Arlington Bicycle Rack Expansion Project,2084
2084,,2084,2084.000000000000000,2084,Arlington Bicycle Rack Expansion Project,2084
2084,,2084,2084.000000000000000,2084,Arlington Bicycle Rack Expansion Project,2084
2084,,2084,2084.000000000000000,2084,Arlington Bicycle Rack Expansion Project,2084
2084,,2084,2084.000000000000000,2084,Arlington Bicycle Rack Expansion Project,2084
2084,,2084,2084.000000000000000,2084,Arlington Bicycle Rack Expansion Project,2084
2084,,2084,2084.000000000000000,2084,Arlington Bicycle Rack Expansion Project,2084
2084,,2084,2084.000000000000000,2084,Arlington Bicycle Rack Expansion Project,2084
2084,,2084,2084.000000000000000,2084,Arlington Bicycle Rack Expansion Project,2084
2084,,2084,2084.000000000000000,2084,Arlington Bicycle Rack Expansion Project,2084
2084,,2084,2084.000000000000000,2084,Arlington Bicycle Rack Expansion Project,2084
2084,,2084,2084.000000000000000,2084,Arlington Bicycle Rack Expansion Project,2084
2084,,2084,2084.000000000000000,2084,Arlington Bicycle Rack Expansion Project,2084
2084,,2084,2084.000000000000000,2084,Arlington Bicycle Rack Expansion Project,2084
2084,,2084,2084.000000000000000,2084,Arlington Bicycle Rack Expansion Project,2084
2084,,2084,2084.000000000000000,2084,Arlington Bicycle Rack Expansion Project,2084
2084,,2084,2084.000000000000000,2084,Arlington Bicycle Rack Expansion Project,2084
2084,,2084,2084.000000000000000,2084,Arlington Bicycle Rack Expansion Project,2084
2084,,2084,2084.000000000000000,2084,Arlington Bicycle Rack Expansion Project,2084
2084,,2084,2084.000000000000000,2084,Arlington Bicycle Rack Expansion Project,2084
2084,,2084,2084.000000000000000,2084,Arlington Bicycle Rack Expansion Project,2084
2084,,2084,2084.000000000000000,2084,Arlington Bicycle Rack Expansion Project,2084
2084,,2084,2084.000000000000000,2084,Arlington Bicycle Rack Expansion Project,2084
2084,,2084,2084.000000000000000,2084,Arlington Bicycle Rack Expansion Project,2084
2084,,2084,2084.000000000000000,2084,Arlington Bicycle Rack Expansion Project,2084
2084,,2084,2084.000000000000000,2084,Arlington Bicycle Rack Expansion Project,2084
2084,,2084,2084.000000000000000,2084,Arlington Bicycle Rack Expansion Project,2084
2084,,2084,2084.000000000000000,2084,Arlington Bicycle Rack Expansion Project,2084
2084,,2084,2084.000000000000000,2084,Arlington Bicycle Rack Expansion Project,2084
2084,,2084,2084.000000000000000,2084,Arlington Bicycle Rack Expansion Project,2084
2084,,2084,2084.000000000000000,2084,Arlington Bicycle Rack Expansion Project,2084
2084,,2084,2084.000000000000000,2084,Arlington Bicycle Rack Expansion Project,2084
2084,,2084,2084.000000000000000,2084,Arlington Bicycle Rack Expansion Project,2084
2084,,2084,2084.000000000000000,2084,Arlington Bicycle Rack Expansion Project,2084
2084,,2084,2084.000000000000000,2084,Arlington Bicycle Rack Expansion Project,2084
2084,,2084,2084.000000000000000,2084,Arlington Bicycle Rack Expansion Project,2084
2084,,2084,2084.000000000000000,2084,Arlington Bicycle Rack Expansion Project,2084
2084,,2084,2084.000000000000000,2084,Arlington Bicycle Rack Expansion Project,2084
2084,,2084,2084.000000000000000,2084,Arlington Bicycle Rack Expansion Project,2084
2084,,2084,2084.000000000000000,2084,Arlington Bicycle Rack Expansion Project,2084
2084,,2084,2084.000000000000000,2084,Arlington Bicycle Rack Expansion Project,2084
2084,,2084,2084.000000000000000,2084,Arlington Bicycle Rack Expansion Project,2084
2084,,2084,2084.000000000000000,2084,Arlington Bicycle Rack Expansion Project,2084
2084,,2084,2084.000000000000000,2084,Arlington Bicycle Rack Expansion Project,2084
2084,,2084,2084.000000000000000,2084,Arlington Bicycle Rack Expansion Project,2084
2084,,2084,2084.000000000000000,2084,Arlington Bicycle Rack Expansion Project,2084
2084,,2084,2084.000000000000000,2084,Arlington Bicycle Rack Expansion Project,2084
2084,,2084,2084.000000000000000,2084,Arlington Bicycle Rack Expansion Project,2084
2084,,2084,2084.000000000000000,2084,Arlington Bicycle Rack Expansion Project,2084
2084,,2084,2084.000000000000000,2084,Arlington Bicycle Rack Expansion Project,2084
2084,,2084,2084.000000000000000,2084,Arlington Bicycle Rack Expansion Project,2084
2084,,2084,2084.000000000000000,2084,Arlington Bicycle Rack Expansion Project,2084
2084,,2084,2084.000000000000000,2084,Arlington Bicycle Rack Expansion Project,2084
2084,,2084,2084.000000000000000,2084,Arlington Bicycle Rack Expansion Project,2084
2084,,2084,2084.000000000000000,2084,Arlington Bicycle Rack Expansion Project,2084
2084,,2084,2084.000000000000000,2084,Arlington Bicycle Rack Expansion Project,2084
2084,,2084,2084.000000000000000,2084,Arlington Bicycle Rack Expansion Project,2084
2084,,2084,2084.000000000000000,2084,Arlington Bicycle Rack Expansion Project,2084
2084,,2084,2084.000000000000000,2084,Arlington Bicycle Rack Expansion Project,2084
2084,,2084,2084.000000000000000,2084,Arlington Bicycle Rack Expansion Project,2084
2084,,2084,2084.000000000000000,2084,Arlington Bicycle Rack Expansion Project,2084
2084,,2084,2084.000000000000000,2084,Arlington Bicycle Rack Expansion Project,2084
2084,,2084,2084.000000000000000,2084,Arlington Bicycle Rack Expansion Project,2084
2084,,2084,2084.000000000000000,2084,Arlington Bicycle Rack Expansion Project,2084
2084,,2084,2084.000000000000000,2084,Arlington Bicycle Rack Expansion Project,2084
2084,,2084,2084.000000000000000,2084,Arlington Bicycle Rack Expansion Project,2084
2084,,2084,2084.000000000000000,2084,Arlington Bicycle Rack Expansion Project,2084
2084,,2084,2084.000000000000000,2084,Arlington Bicycle Rack Expansion Project,2084
2084,,2084,2084.000000000000000,2084,Arlington Bicycle Rack Expansion Project,2084
2084,,2084,2084.000000000000000,2084,Arlington Bicycle Rack Expansion Project,2084
2084,,2084,2084.000000000000000,2084,Arlington Bicycle Rack Expansion Project,2084
2084,,2084,2084.000000000000000,2084,Arlington Bicycle Rack Expansion Project,2084
2084,,2084,2084.000000000000000,2084,Arlington Bicycle Rack Expansion Project,2084
2084,,2084,2084.000000000000000,2084,Arlington Bicycle Rack Expansion Project,2084
2084,,2084,2084.000000000000000,2084,Arlington Bicycle Rack Expansion Project,2084
2084,,2084,2084.000000000000000,2084,Arlington Bicycle Rack Expansion Project,2084
2084,,2084,2084.000000000000000,2084,Arlington Bicycle Rack Expansion Project,2084
2084,,2084,2084.000000000000000,2084,Arlington Bicycle Rack Expansion Project,2084
2084,,2084,2084.000000000000000,2084,Arlington Bicycle Rack Expansion Project,2084
2084,,2084,2084.000000000000000,2084,Arlington Bicycle Rack Expansion Project,2084
2084,,2084,2084.000000000000000,2084,Arlington Bicycle Rack Expansion Project,2084
2084,,2084,2084.000000000000000,2084,Arlington Bicycle Rack Expansion Project,2084
2084,,2084,2084.000000000000000,2084,Arlington Bicycle Rack Expansion Project,2084
2084,,2084,2084.000000000000000,2084,Arlington Bicycle Rack Expansion Project,2084
2084,,2084,2084.000000000000000,2084,Arlington Bicycle Rack Expansion Project,2084
2084,,2084,2084.000000000000000,2084,Arlington Bicycle Rack Expansion Project,2084
2084,,2084,2084.000000000000000,2084,Arlington Bicycle Rack Expansion Project,2084
2084,,2084,2084.000000000000000,2084,Arlington Bicycle Rack Expansion Project,2084
2084,,2084,2084.000000000000000,2084,Arlington Bicycle Rack Expansion Project,2084
2084,,2084,2084.000000000000000,2084,Arlington Bicycle Rack Expansion Project,2084
2084,,2084,2084.000000000000000,2084,Arlington Bicycle Rack Expansion Project,2084
2084,,2084,2084.000000000000000,2084,Arlington Bicycle Rack Expansion Project,2084
2084,,2084,2084.000000000000000,2084,Arlington Bicycle Rack Expansion Project,2084
2084,,2084,2084.000000000000000,2084,Arlington Bicycle Rack Expansion Project,2084
2084,,2084,2084.000000000000000,2084,Arlington Bicycle Rack Expansion Project,2084
2084,,2084,2084.000000000000000,2084,Arlington Bicycle Rack Expansion Project,2084
2084,,2084,2084.000000000000000,2084,Arlington Bicycle Rack Expansion Project,2084
2084,,2084,2084.000000000000000,2084,Arlington Bicycle Rack Expansion Project,2084
2084,,2084,2084.000000000000000,2084,Arlington Bicycle Rack Expansion Project,2084
2084,,2084,2084.000000000000000,2084,Arlington Bicycle Rack Expansion Project,2084
2088,,2088,2088.000000000000000,2088,Revere Bikeshare Expansion (Northern Strand and Broadway Connections),2088
2086,,2086,2086.000000000000000,2086,Somerville Bikeshare State of Good Repair and Equipment Replacement,2086
2086,,2086,2086.000000000000000,2086,Somerville Bikeshare State of Good Repair and Equipment Replacement,2086
2086,,2086,2086.000000000000000,2086,Somerville Bikeshare State of Good Repair and Equipment Replacement,2086
2086,,2086,2086.000000000000000,2086,Somerville Bikeshare State of Good Repair and Equipment Replacement,2086
2086,,2086,2086.000000000000000,2086,Somerville Bikeshare State of Good Repair and Equipment Replacement,2086
2086,,2086,2086.000000000000000,2086,Somerville Bikeshare State of Good Repair and Equipment Replacement,2086
2086,,2086,2086.000000000000000,2086,Somerville Bikeshare State of Good Repair and Equipment Replacement,2086
2086,,2086,2086.000000000000000,2086,Somerville Bikeshare State of Good Repair and Equipment Replacement,2086
2086,,2086,2086.000000000000000,2086,Somerville Bikeshare State of Good Repair and Equipment Replacement,2086
2086,,2086,2086.000000000000000,2086,Somerville Bikeshare State of Good Repair and Equipment Replacement,2086
2086,,2086,2086.000000000000000,2086,Somerville Bikeshare State of Good Repair and Equipment Replacement,2086
2086,,2086,2086.000000000000000,2086,Somerville Bikeshare State of Good Repair and Equipment Replacement,2086
2086,,2086,2086.000000000000000,2086,Somerville Bikeshare State of Good Repair and Equipment Replacement,2086
2088,,2088,2088.000000000000000,2088,Revere Bikeshare Expansion (Northern Strand and Broadway Connections),2088
2090,,2090,2090.000000000000000,2090,Brookline Bluebikes Station Replacements,2090
2090,,2090,2090.000000000000000,2090,Brookline Bluebikes Station Replacements,2090
2090,,2090,2090.000000000000000,2090,Brookline Bluebikes Station Replacements,2090
2091,,2091,2091.000000000000000,613568,Cambridge- New Bridge and Shared-Use Path Construction over Fitchburg Line at Danehy Park Connector (DESIGN ONLY),2091
2091,,2091,2091.000000000000000,613568,Cambridge- New Bridge and Shared-Use Path Construction over Fitchburg Line at Danehy Park Connector (DESIGN ONLY),2091
2091,,2091,2091.000000000000000,613568,Cambridge- New Bridge and Shared-Use Path Construction over Fitchburg Line at Danehy Park Connector (DESIGN ONLY),2091
2091,,2091,2091.000000000000000,613568,Cambridge- New Bridge and Shared-Use Path Construction over Fitchburg Line at Danehy Park Connector (DESIGN ONLY),2091
2091,,2091,2091.000000000000000,613568,Cambridge- New Bridge and Shared-Use Path Construction over Fitchburg Line at Danehy Park Connector (DESIGN ONLY),2091
2091,,2091,2091.000000000000000,613568,Cambridge- New Bridge and Shared-Use Path Construction over Fitchburg Line at Danehy Park Connector (DESIGN ONLY),2091
2091,,2091,2091.000000000000000,613568,Cambridge- New Bridge and Shared-Use Path Construction over Fitchburg Line at Danehy Park Connector (DESIGN ONLY),2091
2091,,2091,2091.000000000000000,613568,Cambridge- New Bridge and Shared-Use Path Construction over Fitchburg Line at Danehy Park Connector (DESIGN ONLY),2091
2092,613568,613568,,,,2092
2092,613568,613568,,,,2092
2092,613568,613568,,,,2092
2092,613568,613568,,,,2092
2092,613568,613568,,,,2092
2093,613244,613244,,,,2093
2093,613244,613244,,,,2093
2093,613244,613244,,,,2093
2093,613244,613244,,,,2093
2093,613244,613244,,,,2093
2093,613244,613244,,,,2093
2093,613244,613244,,,,2093
2093,613244,613244,,,,2093
2093,613244,613244,,,,2093
2093,613244,613244,,,,2093
2093,613244,613244,,,,2093
2093,613244,613244,,,,2093
2093,613244,613244,,,,2093
2093,613244,613244,,,,2093
2093,613244,613244,,,,2093
2093,613244,613244,,,,2093
2093,613244,613244,,,,2093
2093,613244,613244,,,,2093
2093,613244,613244,,,,2093
2093,613244,613244,,,,2093
2093,613244,613244,,,,2093
2093,613244,613244,,,,2093
2093,613244,613244,,,,2093
2093,613244,613244,,,,2093
2093,613244,613244,,,,2093
2093,613244,613244,,,,2093
2093,613244,613244,,,,2093
2093,613244,613244,,,,2093
2093,613244,613244,,,,2093
2093,613244,613244,,,,2093
2093,613244,613244,,,,2093
2093,613244,613244,,,,2093
2093,613244,613244,,,,2093
2093,613244,613244,,,,2093
2093,613244,613244,,,,2093
2093,613244,613244,,,,2093
2093,613244,613244,,,,2093
2093,613244,613244,,,,2093
2093,613244,613244,,,,2093
2093,613244,613244,,,,2093
2093,613244,613244,,,,2093
2093,613244,613244,,,,2093
2093,613244,613244,,,,2093
2093,613244,613244,,,,2093
2087,,2087,2087.000000000000000,2087,Installation of 25 Bicycle Racks-Scituate Light House,2087
2087,,2087,2087.000000000000000,2087,Installation of 25 Bicycle Racks-North Scituate Village,2087
2087,,2082,2087.000000000000000,2087,Installation of 25 Bicycle Racks- Hsrbor Walk,2087
2087,,2087,2087.000000000000000,2087,Installation of 25 Bicycle Racks-Coles Parkway Island,2087
2087,,2087,2087.000000000000000,2087,Installation of 25 Bicycle Racks-Situate Harbor Kiosk,2087
