OID_,FREQUENCY,tip_id,geoid,county,state,tract,Shape_Length,Length_Freq,area_fraction,OBJECTID,geoid_1,shape_Length_1
1,2,602077,25009205200,9,25,205200,10191.437900407785492,5095.718950203900022,0.262610300993450,244,25009205200,19404.109172134099936
2,2,602077,25009205300,9,25,205300,22444.168270684160234,11222.084135342100126,0.403204045511310,245,25009205300,27832.270683472906967
3,2,602077,25009205400,9,25,205400,10958.007052509969071,5479.003526254999997,0.132234248258151,246,25009205400,41434.073233121605881
4,2,602077,25009205500,9,25,205500,2170.373961809024422,1085.186980904509937,0.039092393043938,247,25009205500,27759.543389549318817
5,2,603739,25021440100,21,25,440100,80.199580880143785,40.099790440071899,0.000318385209220,978,25021440100,125947.403581517515704
6,2,603739,25021441202,21,25,441202,21506.319892988329229,10753.159946494150063,0.146683422452156,979,25021441202,73308.624565271529718
7,2,603739,25021441203,21,25,441203,5677.794753476466212,2838.897376738234925,0.041724010238099,980,25021441203,68039.897424480805057
8,2,605168,25023501101,23,25,501101,40362.036706643484649,20181.018353321749601,0.331213290314796,1001,25023501101,60930.581421237555332
9,2,605168,25023501102,23,25,501102,12292.798228070105324,6146.399114035049934,0.069114609272465,1002,25023501102,88930.534061251833919
10,2,605313,25017382100,17,25,382100,14351.742126256778647,7175.871063128400237,0.128503390874507,831,25017382100,55841.881014145066729
11,2,605313,25017382200,17,25,382200,13433.194777447588422,6716.597388723799668,0.156327164505381,832,25017382200,42965.004898381688690
12,2,605313,25017382500,17,25,382500,25035.934908767303568,12517.967454383649965,0.220678615383008,835,25017382500,56724.877635549433762
13,2,605743,25009223100,9,25,223100,8178.029345858636589,4089.014672929320113,0.040105836980459,312,25009223100,101955.600002104882151
14,2,605743,25009223200,9,25,223200,39341.649650227045640,19670.824825113500992,0.688081947800530,313,25009223200,28587.910041807906964
15,2,605743,25009223300,9,25,223300,1719.164717734409123,859.582358867205016,0.009317863690069,314,25009223300,92251.012405698929797
16,2,605857,25021412300,21,25,412300,6708.141119367863212,3354.070559683929787,0.049339968180438,913,25021412300,67978.774275207921164
17,2,605857,25021413100,21,25,413100,5841.699826390742601,2920.849913195369936,0.043638851681701,914,25021413100,66932.327516311226645
18,2,605857,25021413200,21,25,413200,12089.088068526216375,6044.544034263100002,0.124211444124111,915,25021413200,48663.342390765988966
19,2,606130,25021413200,21,25,413200,34268.684799821217894,17134.342399910601671,0.352099579645024,915,25021413200,48663.342390765988966
20,2,606226,25017350103,17,25,350103,5396.934294472015608,2698.467147236010078,0.124165523530450,699,25017350103,21732.821402506688173
21,2,606226,25017350104,17,25,350104,930.670824045744439,465.335412022871992,0.020692590430284,700,25017350104,22488.021187615177041
22,2,606226,25017351403,17,25,351403,5549.511528705883393,2774.755764352939877,0.341651823352690,714,25017351403,8121.589216541483438
23,2,606226,25017351404,17,25,351404,1199.094807347324149,599.547403673660028,0.056908164574882,715,25017351404,10535.349508324987255
24,2,606226,25017351500,17,25,351500,241.627389783845047,120.813694891922495,0.005742802776775,716,25017351500,21037.409708813698671
25,2,606226,25017352101,17,25,352101,13334.101097370659772,6667.050548685349895,0.540527316999159,717,25017352101,12334.345256958966274
26,2,606226,25017352102,17,25,352102,852.355775506131636,426.177887753065988,0.039955634421605,718,25017352102,10666.277583184109972
27,2,606226,25025020303,25,25,20303,4958.486499404260940,2479.243249702130015,0.149281732898478,1134,25025020303,16607.813974052616686
28,2,606226,25025030100,25,25,30100,1073.990036989335067,536.995018494670035,0.248288214835345,1135,25025030100,2162.788994438515147
29,2,606226,25025030200,25,25,30200,542.170687830226143,271.085343915113015,0.069782830700040,1136,25025030200,3884.699734815395914
30,2,606226,25025030500,25,25,30500,823.697262570404632,411.848631285202487,0.060892354888501,1139,25025030500,6763.552371054301148
31,2,606226,25025040100,25,25,40100,14723.736811705783111,7361.868405852899741,0.826861068426382,1140,25025040100,8903.392222666181624
32,2,606226,25025040200,25,25,40200,2952.442643614505869,1476.221321807254981,0.259303033564816,1141,25025040200,5693.035293542960062
33,2,606226,25025040300,25,25,40300,12645.664037219799866,6322.832018609899933,0.785397042109482,1142,25025040300,8050.491254241969727
34,2,606226,25025040401,25,25,40401,25571.288172729142389,12785.644086364549366,0.720529380566628,1143,25025040401,17744.792136456369917
35,2,606226,25025040600,25,25,40600,53782.356004513654625,26891.178002256849140,0.815758164181488,1144,25025040600,32964.644649604888400
36,2,606226,25025040801,25,25,40801,2031.700205756732885,1015.850102878364964,0.063248708222642,1145,25025040801,16061.199215365229975
37,2,606453,25021400100,21,25,400100,4973.509351753620649,2486.754675876809870,0.155022081488675,868,25021400100,16041.293291875241266
38,2,606453,25025010103,25,25,10103,1501.105778305609647,750.552889152805051,0.120299100979501,1115,25025010103,6239.056510328382501
39,2,606453,25025010104,25,25,10104,14467.617492857452817,7233.808746428750055,0.587596150507854,1116,25025010104,12310.851152065322822
40,2,606453,25025010203,25,25,10203,12420.512183121245471,6210.256091560599998,0.995869951934290,1117,25025010203,6236.011117212993668
41,2,606453,25025010204,25,25,10204,11012.596985793303247,5506.298492896649805,0.997914087524073,1118,25025010204,5517.808157772724371
42,2,606453,25025010300,25,25,10300,11677.340390571389435,5838.670195285700174,0.724567989165211,1119,25025010300,8058.139860708652122
43,2,606453,25025010403,25,25,10403,4268.251847841374911,2134.125923920685182,1.000000000000000,1120,25025010403,2132.126990118523281
44,2,606453,25025010404,25,25,10404,4361.103662426412484,2180.551831213204878,0.604656268462642,1121,25025010404,3606.266808011968351
45,2,606453,25025010405,25,25,10405,5337.706072265089460,2668.853036132545185,0.262448817430110,1122,25025010405,10169.041957459996411
46,2,606453,25025010408,25,25,10408,2739.180258943437366,1369.590129471720047,1.000000000000000,1123,25025010408,1369.575043769960985
47,2,606453,25025010500,25,25,10500,3908.334074532041086,1954.167037266020088,0.340674822013949,1124,25025010500,5736.165137516402865
48,2,606453,25025010600,25,25,10600,506.557924805148104,253.278962402573995,0.030596914770775,1125,25025010600,8277.924892103606908
49,2,606453,25025010701,25,25,10701,5186.358509837281417,2593.179254918639799,0.445382687223705,1126,25025010701,5822.362047979984709
50,2,606453,25025010802,25,25,10802,3512.484470547396540,1756.242235273700089,0.337152990676606,1129,25025010802,5209.036502239642687
51,2,606453,25025081001,25,25,81001,1493.930144905135194,746.965072452569984,0.065953923694396,1186,25025081001,11325.559278530550728
52,2,606453,25025981501,25,25,981501,2694.249133803805307,1347.124566901904927,0.033517796171275,1296,25025981501,40191.322842890440370
53,2,606453,25025981800,25,25,981800,20477.837537393323146,10238.918768696650659,0.449599728940761,1300,25025981800,22773.409567704100482
54,2,606476,25025020302,25,25,20302,7.804398776406243,3.902199388203120,0.002114916959388,1133,25025020302,1845.083974045242485
55,2,606476,25025020303,25,25,20303,9001.931755152503683,4500.965877576250023,0.271014950228151,1134,25025020303,16607.813974052616686
56,2,606476,25025030100,25,25,30100,4325.557193567618015,2162.778596783809917,0.999995192478445,1135,25025030100,2162.788994438515147
57,2,606476,25025030200,25,25,30200,5654.059514617636523,2827.029757308820081,0.727734432592680,1136,25025030200,3884.699734815395914
58,2,606476,25025030300,25,25,30300,26679.605716290236160,13339.802858145099890,0.583072323553748,1137,25025030300,22878.470335962374520
59,2,606476,25025030400,25,25,30400,5863.463818861139771,2931.731909430569885,0.799603385212126,1138,25025030400,3666.482613318118183
60,2,606476,25025030500,25,25,30500,10752.949293508670962,5376.474646754350033,0.794918757451163,1139,25025030500,6763.552371054301148
61,2,606476,25025050101,25,25,50101,1510.967712799738592,755.483856399869978,0.123674398769444,1146,25025050101,6108.651943465328259
62,2,606476,25025050200,25,25,50200,9291.569173100982880,4645.784586550489621,0.825698365699280,1147,25025050200,5626.491197685730185
63,2,606476,25025050300,25,25,50300,13321.852514296739173,6660.926257148349578,0.800296530531395,1148,25025050300,8323.072764948150507
64,2,606476,25025050400,25,25,50400,6525.716716329967312,3262.858358164985020,0.993558254476360,1149,25025050400,3284.013135077452262
65,2,606476,25025050500,25,25,50500,4332.153030051873429,2166.076515025934896,0.842197301088046,1150,25025050500,2571.934761875327695
66,2,606476,25025050600,25,25,50600,10265.025797694494031,5132.512898847249744,0.901791546019579,1151,25025050600,5691.462646219808448
67,2,606476,25025050700,25,25,50700,10374.995146336010293,5187.497573167999690,0.789755144104411,1152,25025050700,6568.488488986879929
68,2,606476,25025050901,25,25,50901,101.627555978800473,50.813777989400002,0.003446554802430,1153,25025050901,14743.354132532182120
69,2,606476,25025051200,25,25,51200,2616.250175977374056,1308.125087988684982,0.142430636741837,1156,25025051200,9184.295723958075541
70,2,606476,25025070101,25,25,70101,704.368385394112124,352.184192697056005,0.008628240973798,1168,25025070101,40817.612044743866136
71,2,606476,25025981300,25,25,981300,2665.544998873379882,1332.772499436689941,0.020195203349268,1295,25025981300,65994.507526710222010
72,2,607244,25025180101,25,25,180101,34379.340456396574154,17189.670228198301629,0.945924207632394,1283,25025180101,18172.354708231061522
73,2,607244,25025180200,25,25,180200,28551.862766783277038,14275.931383391649433,0.769550573625153,1284,25025180200,18550.998300399398431
74,2,607244,25025180301,25,25,180301,79.232382053246312,39.616191026623149,0.003105427484865,1285,25025180301,12757.081342166609829
75,2,607244,25025180400,25,25,180400,4231.305529490909976,2115.652764745454988,0.220887323804425,1286,25025180400,9577.972734273615060
76,2,607244,25025180500,25,25,180500,2006.543312592621987,1003.271656296309970,0.059682222341480,1287,25025180500,16810.226176832955389
77,2,607738,25017359100,17,25,359100,6036.080036441648190,3018.040018220825004,0.032770609872247,771,25017359100,92095.936877169297077
78,2,607738,25017359300,17,25,359300,42648.592310852218361,21324.296155426098267,0.220919776197875,772,25017359300,96525.066802196102799
79,2,607738,25017361300,17,25,361300,2736.625189056623640,1368.312594528310001,0.010571912009765,777,25017361300,129429.056282761812326
80,2,607777,25017354200,17,25,354200,5594.614317214810399,2797.307158607405199,0.087892795243965,740,25017354200,31826.353352887530491
81,2,607777,25017354300,17,25,354300,15747.261752453003282,7873.630876226499822,0.418266448838832,741,25017354300,18824.438101800493314
82,2,607777,25017357300,17,25,357300,7420.590299627072454,3710.295149813534863,0.263497895255625,759,25017357300,14080.928981288780051
83,2,607777,25017357400,17,25,357400,772.611622725986649,386.305811362993495,0.031522513762374,760,25017357400,12254.917684391644798
84,2,607777,25017370102,17,25,370102,20725.513379428550252,10362.756689714300592,0.263572275901533,808,25017370102,39316.565652700352075
85,2,607777,25017370201,17,25,370201,28221.232487754976319,14110.616243877500892,0.892764702550155,809,25017370201,15805.526589000419335
86,2,607777,25017370202,17,25,370202,9134.220435178169282,4567.110217589084641,0.247563305013418,810,25017370202,18448.251922236806422
87,2,607777,25017370300,17,25,370300,46098.978603183291852,23049.489301591649564,0.467493197105172,811,25017370300,49304.437891972549551
88,2,607777,25017370400,17,25,370400,36112.401805446374055,18056.200902723201580,0.636895624275068,812,25017370400,28350.329652955741039
89,2,607899,25021402101,21,25,402101,181.758842232621930,90.879421116310994,0.002190410996372,880,25021402101,41489.666216455516405
90,2,607899,25021402102,21,25,402102,39025.544619297586905,19512.772309648800729,0.756824517248322,881,25021402102,25782.426262555174617
91,2,607899,25021402200,21,25,402200,901.514959266383812,450.757479633192020,0.028820312047526,882,25021402200,15640.270615039677068
92,2,607899,25021402400,21,25,402400,3293.509563681280270,1646.754781840639907,0.028152139843322,884,25021402400,58494.835241850028979
93,2,607899,25025130404,25,25,130404,6426.613517245266848,3213.306758622634788,0.191932472848978,1255,25025130404,16741.860879117688455
94,2,607899,25025130406,25,25,130406,12481.813872213031573,6240.906936106500325,0.415292941785623,1256,25025130406,15027.722140599475097
95,2,607981,25017350104,17,25,350104,538.771260519603629,269.385630259801985,0.011979072236385,700,25017350104,22488.021187615177041
96,2,607981,25017350200,17,25,350200,9116.920301872474738,4558.460150936234641,0.311486528412472,701,25017350200,14634.533872681304274
97,2,607981,25017351100,17,25,351100,876.051676745045484,438.025838372522514,0.034488313718658,710,25017351100,12700.703256928065457
98,2,607981,25017351203,17,25,351203,2188.660493046107149,1094.330246523054939,0.133801667535320,711,25017351203,8178.748939987450285
99,2,607981,25017351204,17,25,351204,1402.833613837389748,701.416806918694988,0.067057009233501,712,25017351204,10460.007312230041862
100,2,607981,25017351300,17,25,351300,18258.327679760328465,9129.163839880149681,0.920584459021016,713,25017351300,9916.704274574047304
101,2,607981,25017351403,17,25,351403,6454.791462591055279,3227.395731295529913,0.397384753801903,714,25017351403,8121.589216541483438
102,2,607981,25017351404,17,25,351404,18457.694198196608340,9228.847099098300532,0.875988698030919,715,25017351404,10535.349508324987255
103,2,607981,25017351500,17,25,351500,26097.182294160116726,13048.591147080049268,0.620256549056667,716,25017351500,21037.409708813698671
104,2,607981,25017352101,17,25,352101,2596.625861593817717,1298.312930796909995,0.105259979654324,717,25017352101,12334.345256958966274
105,2,607981,25017352102,17,25,352102,3262.128782381370456,1631.064391190685001,0.152917864594312,718,25017352102,10666.277583184109972
106,2,607981,25017352200,17,25,352200,5682.617223421349081,2841.308611710674995,0.936477404717356,719,25017352200,3034.038618975780082
107,2,607981,25017352300,17,25,352300,609.576853186836161,304.788426593418023,0.025555898674794,720,25017352300,11926.343521389484522
108,2,607981,25017352600,17,25,352600,1426.567117863169415,713.283558931585048,0.157248230070850,723,25017352600,4536.035531911603357
109,2,607981,25017352700,17,25,352700,3126.668734037217291,1563.334367018610010,0.458901710866993,724,25017352700,3406.686726151091534
110,2,607981,25025040600,25,25,40600,264.173180100051184,132.086590050025507,0.004006916848461,1144,25025040600,32964.644649604888400
111,2,608007,25021423100,21,25,423100,20110.764121182506642,10055.382060591249683,0.080994770409090,977,25021423100,124148.534649869921850
112,2,608007,25023505101,23,25,505101,846.965015091512782,423.482507545756505,0.005627836213511,1012,25023505101,75247.837975293950876
113,2,608007,25023505102,23,25,505102,9920.717390522930145,4960.358695261465073,0.073591057794404,1013,25023505102,67404.367377345930436
114,2,608045,25027744101,27,25,744101,1682.299516580556201,841.149758290280033,0.010585298493667,1433,25027744101,79463.962097385752713
115,2,608045,25027744200,27,25,744200,41219.956434982523206,20609.978217491250689,0.214047880454869,1435,25027744200,96286.766183778439881
116,2,608051,25017331101,17,25,331101,366.168106148499760,183.084053074249994,0.003180530860023,629,25017331101,57563.992028971937543
117,2,608051,25017331102,17,25,331102,21420.032565091791184,10710.016282545899230,0.100991261897094,630,25017331102,106048.940090074174805
118,2,608051,25017331200,17,25,331200,1803.100323832064760,901.550161916029992,0.019264782005803,631,25017331200,46797.838752833253238
119,2,608051,25017331300,17,25,331300,16273.845654993532662,8136.922827496749960,0.114306356886585,632,25017331300,71185.217070387763670
120,2,608051,25017333600,17,25,333600,8514.257498046566980,4257.128749023285309,0.050689881994077,643,25017333600,83983.796796385577181
121,2,608067,25017332200,17,25,332200,2196.113460109499101,1098.056730054750005,0.015766167620011,634,25017332200,69646.394515116000548
122,2,608067,25017332400,17,25,332400,3450.392991935129885,1725.196495967564942,0.021749463388460,636,25017332400,79321.336124683439266
123,2,608067,25017333100,17,25,333100,7870.710715398285174,3935.355357699144861,0.071504604132047,637,25017333100,55036.391089330849354
124,2,608067,25017333200,17,25,333200,4513.905397730624827,2256.952698865310140,0.061284184282853,638,25017333200,36827.653419493995898
125,2,608078,25025160101,25,25,160101,13038.709787538802630,6519.354893769400405,0.514591474395571,1265,25025160101,12668.991264239117299
126,2,608078,25025160200,25,25,160200,11335.689320344268708,5667.844660172149815,0.944609178748067,1266,25025160200,6000.200704892575231
127,2,608078,25025160300,25,25,160300,883.746088666251580,441.873044333126018,0.040513595599730,1267,25025160300,10906.784199032410470
128,2,608078,25025160400,25,25,160400,14962.232944774597854,7481.116472387299837,0.323305117384458,1268,25025160400,23139.492912792840798
129,2,608078,25025160501,25,25,160501,13920.394098550201306,6960.197049275099744,0.848694011940133,1269,25025160501,8201.067700906638493
130,2,608078,25025160502,25,25,160502,22771.112697410695546,11385.556348705349592,0.856443933921353,1270,25025160502,13293.989130817770274
131,2,608078,25025160601,25,25,160601,13854.654909318178397,6927.327454659100113,0.745817699851643,1271,25025160601,9288.231502198286762
132,2,608078,25025160602,25,25,160602,114.446421999711859,57.223210999856001,0.003296437131771,1272,25025160602,17359.108853720681509
133,2,608078,25025170100,25,25,170100,7967.374246654059789,3983.687123327029894,0.144994260604909,1273,25025170100,27474.791806980952970
134,2,608078,25025170601,25,25,170601,8753.707069936397602,4376.853534968199710,0.196610296642216,1279,25025170601,22261.568237868224969
135,2,608164,25017361200,17,25,361200,4.163350219505614,2.081675109752805,0.000037077524672,776,25017361200,56143.853403597138822
136,2,608164,25017365100,17,25,365100,39986.697200555463496,19993.348600277749938,0.157707592981595,786,25017365100,126774.800263490906218
137,2,608164,25017365201,17,25,365201,30201.119873402290978,15100.559936701149127,0.170727258677817,787,25017365201,88448.441412614047294
138,2,608164,25017365202,17,25,365202,12121.525128079229034,6060.762564039599965,0.079608496654171,788,25017365202,76132.106731877080165
139,2,608229,25017363103,17,25,363103,2033.863008940318878,1016.931504470160007,0.024886360807795,780,25017363103,40863.005737328807299
140,2,608229,25017363104,17,25,363104,11760.972978891799357,5880.486489445899679,0.065658754655926,781,25017363104,89561.346697202345240
141,2,608229,25017363202,17,25,363202,8906.287323137996282,4453.143661568999960,0.107152109612886,783,25017363202,41559.085282194733736
142,2,608348,25009211100,9,25,211100,10861.010524661471209,5430.505262330750156,0.142365892186394,281,25009211100,38144.707127047026006
143,2,608348,25009217201,9,25,217201,17851.622355022027477,8925.811177510999187,0.342176532055791,293,25009217201,26085.398445898306818
144,2,608348,25009217202,9,25,217202,34448.004276385159756,17224.002138192601706,0.831314202871957,294,25009217202,20719.003811902308371
145,2,608348,25009217300,9,25,217300,8065.185549752058250,4032.592774876030035,0.145680775741451,295,25009217300,27681.022113946797617
146,2,608348,25009217400,9,25,217400,18008.428532735637418,9004.214266367800519,0.444571510560191,296,25009217400,20253.691594006679225
147,2,608348,25009217500,9,25,217500,190.425493665211263,95.212746832605504,0.002347926758456,297,25009217500,40551.838548490690300
148,2,608436,25017385100,17,25,385100,19537.950089233585459,9768.975044616800005,0.114423861581935,852,25017385100,85375.330893037229544
149,2,608436,25017385201,17,25,385201,4919.227504482343647,2459.613752241170005,0.088398351927939,853,25017385201,27824.203716447169427
150,2,608436,25017385202,17,25,385202,7690.507863087761507,3845.253931543879844,0.058411945778673,854,25017385202,65829.923661742708646
151,2,608443,25017324102,17,25,324102,9568.705547160798233,4784.352773580400026,0.047270276157262,619,25017324102,101212.710449659905862
152,2,608443,25017325100,17,25,325100,6314.304012863714888,3157.152006431855170,0.027788866272394,620,25017325100,113612.119885876687476
153,2,608707,25021417602,21,25,417602,1563.131352676710776,781.565676338355047,0.025518608966050,939,25021417602,30627.283696308189974
154,2,608707,25021417701,21,25,417701,361.209666496310149,180.604833248154989,0.007290566158496,940,25021417701,24772.401665634344681
155,2,608707,25021417702,21,25,417702,38591.292050471281982,19295.646025235648267,0.819683952486116,941,25021417702,23540.348651100917778
156,2,608707,25021417801,21,25,417801,16780.366632725454110,8390.183316362750702,0.234522143569646,942,25021417801,35775.655077411211096
157,2,608707,25021417802,21,25,417802,4940.131309759479336,2470.065654879740123,0.190011533421342,943,25021417802,12999.556450094361935
158,2,608887,25021443101,21,25,443101,25090.936057665348926,12545.468028832650816,0.119521138214001,987,25021443101,104964.429023176373448
159,2,608887,25021443102,21,25,443102,16274.827501522149760,8137.413750761050323,0.069542583864798,988,25021443102,117013.393787344946759
160,2,608889,25017383502,17,25,383502,1517.604392287674045,758.802196143834976,0.031708752668415,844,25017383502,23930.370395795049262
161,2,608889,25017383600,17,25,383600,14104.521643145970302,7052.260821572999703,0.102816187095411,845,25017383600,68590.958494002945372
162,2,608889,25017383901,17,25,383901,1990.170582242456021,995.085291121229943,0.012004747857180,848,25017383901,82890.978049661935074
163,2,608933,25009204600,9,25,204600,70.297686930385382,35.148843465192698,0.000752518011942,240,25009204600,46708.308515404620266
164,2,608933,25009210400,9,25,210400,21942.828425431187497,10971.414212715599206,0.142726752770215,275,25009210400,76870.061146694817580
165,2,608933,25009210600,9,25,210600,812.686005044279909,406.343002522140011,0.016542651021018,277,25009210600,24563.354567890852195
166,2,608933,25009210700,9,25,210700,11055.285965318009403,5527.642982659000154,0.375198890195950,278,25009210700,14732.567518449110139
167,2,608933,25009210800,9,25,210800,28624.956756076880993,14312.478378038449591,0.900713453918547,279,25009210800,15890.157203461385507
168,2,608933,25009210900,9,25,210900,16713.052991408658272,8356.526495704349145,0.431209436743026,280,25009210900,19379.275553016970662
169,2,608940,25017367200,17,25,367200,19295.113061748656037,9647.556530874349846,0.050173891402148,793,25017367200,192282.405475558392936
170,2,608954,25017366202,17,25,366202,1953.950735680446769,976.975367840224976,0.011359296248267,791,25017366202,86006.680914695374668
171,2,608954,25017367200,17,25,367200,67668.766519172888366,33834.383259586451459,0.175961930452796,793,25017367200,192282.405475558392936
172,2,608954,25017374700,17,25,374700,2051.852834794945920,1025.926417397475007,0.031209425458920,829,25017374700,32872.326302445515466
173,2,608954,25017382100,17,25,382100,5159.104234920478120,2579.552117460239970,0.046193861499881,831,25017382100,55841.881014145066729
174,2,608955,25021416400,21,25,416400,44171.520932203267876,22085.760466101648490,0.376757018066231,931,25021416400,58620.700894864494330
175,2,609054,25017324101,17,25,324101,15051.628893675209838,7525.814446837600372,0.071400312873983,618,25017324101,105403.101806012797169
176,2,609054,25017324102,17,25,324102,3464.134364317419568,1732.067182158710011,0.017113138996709,619,25017324102,101212.710449659905862
177,2,609054,25017388100,17,25,388100,725.264978695127638,362.632489347563990,0.003737876184138,859,25017388100,97015.650461203418672
178,2,609204,25017354300,17,25,354300,827.664112206407026,413.832056103203513,0.021983766732651,741,25017354300,18824.438101800493314
179,2,609204,25017354600,17,25,354600,3192.999546555210145,1596.499773277605073,0.075039502708023,744,25017354600,21275.457801067110267
180,2,609204,25017354900,17,25,354900,1171.435895304206724,585.717947652104954,0.033287125306061,747,25017354900,17595.930626831715927
181,2,609204,25017357100,17,25,357100,28966.813660895521025,14483.406830447749599,0.459380062780985,757,25017357100,31528.157192474478506
182,2,609204,25017357200,17,25,357200,21893.140172437408182,10946.570086218700453,0.510315214846121,758,25017357200,21450.604974651818338
183,2,609204,25017357700,17,25,357700,5097.182402471144087,2548.591201235570225,0.092789886738016,763,25017357700,27466.260503488880204
184,2,609204,25017357800,17,25,357800,22478.849373681354336,11239.424686840700815,0.307736942722341,764,25017357800,36522.832089683754020
185,2,609211,25009210300,9,25,210300,18531.552893061867508,9265.776446530950125,0.095994021057245,274,25009210300,96524.516261334647425
186,2,609211,25009210400,9,25,210400,29611.004184678433376,14805.502092339200317,0.192604271044941,275,25009210400,76870.061146694817580
187,2,609211,25009210700,9,25,210700,1223.578630647203227,611.789315323600022,0.041526320144637,278,25009210700,14732.567518449110139
188,2,609211,25009210800,9,25,210800,11530.652440328878583,5765.326220164450206,0.362823737131346,279,25009210800,15890.157203461385507
189,2,609211,25009210900,9,25,210900,1378.111973404700848,689.055986702349969,0.035556333610989,280,25009210900,19379.275553016970662
190,2,609246,25009205100,9,25,205100,34188.234038539987523,17094.117019270001038,0.686478448804915,243,25009205100,24901.170676266712690
191,2,609246,25009205200,9,25,205200,25711.293646152662404,12855.646823076349392,0.662521876631063,244,25009205200,19404.109172134099936
192,2,609246,25009205300,9,25,205300,234.825490311689236,117.412745155844505,0.004218583043085,245,25009205300,27832.270683472906967
193,2,609246,25009205500,9,25,205500,18537.377520122121496,9268.688760061049834,0.333891974734370,247,25009205500,27759.543389549318817
194,2,609246,25009205800,9,25,205800,11408.583643809875866,5704.291821904949757,0.481385635579335,250,25009205800,11849.734184610606462
195,2,609246,25009205900,9,25,205900,10620.507713909733866,5310.253856954849653,0.506365083326710,251,25009205900,10487.006375059683705
196,2,609246,25009206000,9,25,206000,11547.687653906836204,5773.843826953399912,0.999829867715668,252,25009206000,5774.826311345367685
197,2,609246,25009206100,9,25,206100,10155.008559107312976,5077.504279553650122,0.872317731430857,253,25009206100,5820.705113061329030
198,2,609246,25009206200,9,25,206200,14071.004617547205271,7035.502308773599907,0.835338190158243,254,25009206200,8422.340067369390454
199,2,609246,25009206300,9,25,206300,8922.695775199079435,4461.347887599539717,0.449383790624397,255,25009206300,9927.700955570095175
200,2,609246,25009206400,9,25,206400,2213.915686561574148,1106.957843280785028,0.076963103663197,256,25009206400,14382.967819554318339
201,2,609246,25009206800,9,25,206800,528.159477686183550,264.079738843092002,0.028964466471265,260,25009206800,9117.369349961254557
202,2,609246,25009207000,9,25,207000,6412.904893056261244,3206.452446528130167,0.283176628205641,262,25009207000,11323.153562657804287
203,2,609246,25009207100,9,25,207100,14714.053643506016670,7357.026821753000149,0.957059863212861,263,25009207100,7687.112483283312940
204,2,609246,25009207200,9,25,207200,5267.499460249684489,2633.749730124839971,0.110355364791005,264,25009207200,23866.077875894348836
205,2,609252,25009202102,9,25,202102,10668.355385155300610,5334.177692577650305,0.165290380510386,228,25009202102,32271.555526139487483
206,2,609252,25009205100,9,25,205100,69.433944122294207,34.716972061147104,0.001394190358056,243,25009205100,24901.170676266712690
207,2,609252,25009205200,9,25,205200,110.716078329493371,55.358039164746501,0.002852902891530,244,25009205200,19404.109172134099936
208,2,609252,25009205500,9,25,205500,39.313482088762356,19.656741044381199,0.000708107506256,247,25009205500,27759.543389549318817
209,2,609252,25009206100,9,25,206100,1457.834857081237715,728.917428540619994,0.125228372573792,253,25009206100,5820.705113061329030
210,2,609252,25009206200,9,25,206200,12129.931929715892693,6064.965964857949984,0.720104616572703,254,25009206200,8422.340067369390454
211,2,609252,25009206300,9,25,206300,16310.429506410078830,8155.214753205050329,0.821460556648761,255,25009206300,9927.700955570095175
212,2,609252,25009206400,9,25,206400,20804.589640839192725,10402.294820419600001,0.723237022492479,256,25009206400,14382.967819554318339
213,2,609252,25009206500,9,25,206500,15491.601637088981079,7745.800818544499634,0.999877895087418,257,25009206500,7746.746734377296889
214,2,609252,25009206600,9,25,206600,8286.052488295434159,4143.026244147715261,0.320980986155258,258,25009206600,12907.388358959509787
215,2,609252,25009206700,9,25,206700,8218.070662743990397,4109.035331371995198,0.401045994577876,259,25009206700,10245.795711529312030
216,2,609252,25009206800,9,25,206800,17653.192364654871199,8826.596182327450151,0.968107777970514,260,25009206800,9117.369349961254557
217,2,609252,25009206900,9,25,206900,3433.937628161561861,1716.968814080780021,0.154793673491408,261,25009206900,11091.983124078347828
218,2,609252,25009207000,9,25,207000,167.986215561693513,83.993107780846998,0.007417819365962,262,25009207000,11323.153562657804287
219,2,609253,25017331102,17,25,331102,22751.598653049441054,11375.799326524700518,0.107269335430062,630,25017331102,106048.940090074174805
220,2,609257,25017342400,17,25,342400,19027.080198799525533,9513.540099399750034,0.231958137302836,696,25017342400,41014.039041791518684
221,2,609257,25017342500,17,25,342500,71.732227347552595,35.866113673776297,0.002197568732499,697,25017342500,16320.815428146694103
222,2,609257,25025040600,25,25,40600,645.652248149131992,322.826124074565996,0.009793101897685,1144,25025040600,32964.644649604888400
223,2,609257,25025160300,25,25,160300,165.093901245188107,82.546950622593997,0.007568404134183,1267,25025160300,10906.784199032410470
224,2,609257,25025160400,25,25,160400,3746.241361053824221,1873.120680526910064,0.080949080759300,1268,25025160400,23139.492912792840798
225,2,609437,25009204200,9,25,204200,15687.032578404589003,7843.516289202299959,0.410466988550055,236,25009204200,19108.762721477160085
226,2,609437,25009204500,9,25,204500,5697.538020605627935,2848.769010302814877,0.151632592094045,239,25009204500,18787.313274549560447
227,2,609437,25009204600,9,25,204600,16136.198852269308190,8068.099426134649548,0.172733710180786,240,25009204600,46708.308515404620266
228,2,609437,25009204701,9,25,204701,7505.694553177209855,3752.847276588604927,0.101938959428221,241,25009204701,36814.651607574436639
229,2,609437,25009204702,9,25,204702,30588.449615908619307,15294.224807954300559,0.527572436786999,242,25009204702,28989.810197626291483
230,2,609437,25009210700,9,25,210700,13046.909499253446484,6523.454749626699595,0.442791437504535,278,25009210700,14732.567518449110139
231,2,609437,25009210800,9,25,210800,11662.982841341348831,5831.491420670649859,0.366987648139841,279,25009210800,15890.157203461385507
232,2,609437,25009210900,9,25,210900,126.207485983013086,63.103742991506500,0.003256248811720,280,25009210900,19379.275553016970662
233,2,610544,25009210100,9,25,210100,2591.111538703383303,1295.555769351690060,0.020728859479567,272,25009210100,62500.098986571894784
234,2,610544,25009210200,9,25,210200,14623.596469615067690,7311.798234807550216,0.110074536869228,273,25009210200,66425.882340928641497
235,2,610544,25009210300,9,25,210300,26290.800575184584886,13145.400287592299719,0.136187165673039,274,25009210300,96524.516261334647425
236,2,610545,25017335100,17,25,335100,38326.409253043631907,19163.204626521801401,0.329714219118687,648,25017335100,58120.649687915363756
237,2,610545,25017335200,17,25,335200,25235.557591739012423,12617.778795869500755,0.315922132709059,649,25017335200,39939.521450019892654
238,2,610545,25017335301,17,25,335301,23730.340493793381029,11865.170246896699609,0.481154677054518,650,25017335301,24659.783667762752884
239,2,610545,25017335302,17,25,335302,8169.320993601814735,4084.660496800905094,0.091940986965175,651,25017335302,44426.981171608385921
240,2,610662,25017333200,17,25,333200,21802.266126037629874,10901.133063018800385,0.296004009238571,638,25017333200,36827.653419493995898
241,2,610662,25017333300,17,25,333300,17078.925135543278884,8539.462567771650356,0.340925181743637,639,25017333300,25047.907943019043159
242,2,610662,25017333400,17,25,333400,2212.831126298638083,1106.415563149319951,0.019824169176149,640,25017333400,55811.446790943446103
243,2,610662,25017333501,17,25,333501,708.385969084191629,354.192984542095985,0.007862150449705,641,25017333501,45050.395156884937023
244,2,610662,25017333502,17,25,333502,16210.155066455874476,8105.077533227949971,0.349280248361463,642,25017333502,23205.084087205992546
245,2,610666,25009202101,9,25,202101,22308.012604294584889,11154.006302147299721,0.755614254147792,227,25009202101,14761.508588435979618
246,2,610666,25009202102,9,25,202102,21287.190335545059497,10643.595167772549758,0.329813515160474,228,25009202102,32271.555526139487483
247,2,610666,25009202200,9,25,202200,43791.378108605436864,21895.689054302700242,0.482877183117027,229,25009202200,45344.219648076017620
248,2,610666,25009203100,9,25,203100,16110.190932509047343,8055.095466254500025,0.150937781629247,230,25009203100,53366.992540280327376
249,2,610666,25009206500,9,25,206500,0.318760091684694,0.159380045842347,0.000020573803599,257,25009206500,7746.746734377296889
250,2,610666,25009206600,9,25,206600,56.570722752050443,28.285361376025200,0.002191408563018,258,25009206600,12907.388358959509787
251,2,610671,25009218100,9,25,218100,19447.880107501096063,9723.940053750549851,0.104346824896029,299,25009218100,93188.652969934628345
252,2,610932,25021400200,21,25,400200,61.484537898690576,30.742268949345299,0.003114930914419,869,25021400200,9869.326092285135019
253,2,610932,25021400400,21,25,400400,12649.678137433173106,6324.839068716600195,0.487995183741928,871,25021400400,12960.863712256332292
254,2,610932,25021400500,21,25,400500,15691.511428893802076,7845.755714446900129,0.837421770513392,872,25021400500,9368.941662021712546
255,2,610932,25021400600,21,25,400600,9721.430339053516946,4860.715169526760292,0.267381821717086,873,25021400600,18178.929062237577455
256,2,610932,25021400700,21,25,400700,20840.940069494754425,10420.470034747400859,0.916142211476689,874,25021400700,11374.293100141170726
257,2,610932,25021400800,21,25,400800,11612.428483621351916,5806.214241810699605,0.591086980640363,875,25021400800,9822.943884706193785
258,2,610932,25021400900,21,25,400900,16888.524711783778912,8444.262355891900370,0.913711442805825,876,25021400900,9241.716761214313010
259,2,610932,25021401000,21,25,401000,11202.834492263651555,5601.417246131850334,0.444582841830100,877,25021401000,12599.265466642696992
260,2,610932,25021401100,21,25,401100,95.791384446610024,47.895692223304998,0.000952521152984,878,25021401100,50283.074631194554968
261,2,610932,25025000401,25,25,401,336.568722060914752,168.284361030457490,0.022707598061484,1103,25025000401,7410.927416224598346
262,2,610932,25025000504,25,25,504,8412.421393368071222,4206.210696684034701,0.500749900278045,1107,25025000504,8399.823333661181096
263,2,610932,25025000602,25,25,602,313.939305155407681,156.969652577704011,0.021062883163190,1109,25025000602,7452.429535004234822
264,2,610932,25025000701,25,25,701,413.563103428429031,206.781551714214487,0.029617414704491,1110,25025000701,6981.755625107174637
265,2,610932,25025081001,25,25,81001,1184.894392113074446,592.447196056534949,0.052310634864595,1186,25025081001,11325.559278530550728
266,2,610932,25025081100,25,25,81100,1798.487618217560339,899.243809108780056,0.119286293561246,1187,25025081100,7538.534246158611495
267,2,610932,25025981800,25,25,981800,1186.287491979077686,593.143745989539980,0.026045452009553,1300,25025981800,22773.409567704100482
268,2,611975,25009223100,9,25,223100,10838.470285623039672,5419.235142811499827,0.053152893442828,312,25009223100,101955.600002104882151
269,2,611975,25009223200,9,25,223200,26145.059896678965742,13072.529948339499242,0.457274768572512,313,25009223200,28587.910041807906964
270,2,611983,25025050101,25,25,50101,2989.623076917163417,1494.811538458579889,0.244703995626668,1146,25025050101,6108.651943465328259
271,2,611983,25025050901,25,25,50901,628.742789188201641,314.371394594100991,0.021322922298964,1153,25025050901,14743.354132532182120
272,2,611983,25025160101,25,25,160101,16111.253182067750458,8055.626591033899786,0.635853827902826,1265,25025160101,12668.991264239117299
273,2,611983,25025160200,25,25,160200,11997.800075152590580,5998.900037576299837,0.999783229365108,1266,25025160200,6000.200704892575231
274,2,611983,25025160300,25,25,160300,12279.296763427537371,6139.648381713749586,0.562920130230360,1267,25025160300,10906.784199032410470
275,2,611983,25025160400,25,25,160400,20761.572654151394090,10380.786327075700683,0.448617710258319,1268,25025160400,23139.492912792840798
276,2,611983,25025160501,25,25,160501,2367.516760903443355,1183.758380451720086,0.144341983705470,1269,25025160501,8201.067700906638493
277,2,611983,25025160502,25,25,160502,348.733614686530132,174.366807343265009,0.013116214074454,1270,25025160502,13293.989130817770274
278,2,Acton,25017363102,17,25,363102,11063.119942836750852,5531.559971418399982,0.081087022172152,779,25017363102,68217.574443350662477
279,2,Acton,25017363103,17,25,363103,1044.371268951683305,522.185634475839947,0.012778933537892,780,25017363103,40863.005737328807299
280,2,Acton,25017363104,17,25,363104,11179.612503465345071,5589.806251732649798,0.062413155427767,781,25017363104,89561.346697202345240
281,2,Belmont,25017357200,17,25,357200,8982.092810539706988,4491.046405269855313,0.209366887813977,758,25017357200,21450.604974651818338
282,2,Belmont,25017357300,17,25,357300,403.367370656795458,201.683685328397502,0.014323180352404,759,25017357300,14080.928981288780051
283,2,Belmont,25017357400,17,25,357400,6309.192405866863737,3154.596202933430050,0.257414719884350,760,25017357400,12254.917684391644798
284,2,Belmont,25017357500,17,25,357500,8003.555177859891046,4001.777588929945068,0.503547779427697,761,25017357500,7947.165596635408292
285,2,Belmont,25017357700,17,25,357700,12.944535154643471,6.472267577321750,0.000235644294443,763,25017357700,27466.260503488880204
286,2,Belmont,25017357800,17,25,357800,4358.939953027915180,2179.469976513959864,0.059674177817376,764,25017357800,36522.832089683754020
287,2,Cambridge,25017351500,17,25,351500,1102.084488062695527,551.042244031350037,0.026193445469691,716,25017351500,21037.409708813698671
288,2,Cambridge,25017352101,17,25,352101,13786.200816652104550,6893.100408326049546,0.558854180317109,717,25017352101,12334.345256958966274
289,2,Cambridge,25017352102,17,25,352102,16259.587363549395377,8129.793681774700417,0.762195959965613,718,25017352102,10666.277583184109972
290,2,Cambridge,25017352200,17,25,352200,2318.945527622532609,1159.472763811264940,0.382154912781786,719,25017352200,3034.038618975780082
291,2,Cambridge,25017352300,17,25,352300,6835.847021420862802,3417.923510710430037,0.286586035743520,720,25017352300,11926.343521389484522
292,2,Cambridge,25017352400,17,25,352400,3016.126212606624449,1508.063106303309951,0.151263766170704,721,25017352400,9969.757758123208987
293,2,Cambridge,25017352500,17,25,352500,5596.098598222469263,2798.049299111235086,0.658254509811173,722,25017352500,4250.710412776192243
294,2,Cambridge,25017352800,17,25,352800,84.786056296590317,42.393028148295151,0.012711582744991,725,25017352800,3334.992109066899047
295,2,Cambridge,25017353000,17,25,353000,10434.616773416240903,5217.308386708100443,0.739402439019887,727,25017353000,7056.114656078076223
296,2,Cambridge,25017353101,17,25,353101,16140.880613947330858,8070.440306973649967,0.971778277009791,728,25017353101,8304.816538816643515
297,2,Cambridge,25017353102,17,25,353102,3507.322059847759192,1753.661029923880051,0.093380105874783,729,25017353102,18779.814110250023077
298,2,Cambridge,25017353200,17,25,353200,16739.255544857642235,8369.627772428799290,0.732296728522791,730,25017353200,11429.284668951389904
299,2,Cambridge,25017353300,17,25,353300,18057.431523989780544,9028.715761994899367,0.872922336459544,731,25017353300,10343.091687416525019
300,2,Cambridge,25017353400,17,25,353400,5696.625732690840778,2848.312866345419934,0.437516175566512,732,25017353400,6510.188709382736306
301,2,Cambridge,25017353500,17,25,353500,2292.351719911423061,1146.175859955709939,0.252425097731176,733,25017353500,4540.657289063810822
302,2,Cambridge,25017353600,17,25,353600,4013.367560984580450,2006.683780492289998,0.174558522647456,734,25017353600,11495.765145452447541
303,2,Cambridge,25017353700,17,25,353700,10928.762944277776114,5464.381472138899881,0.590594003468593,735,25017353700,9252.348381538371541
304,2,Cambridge,25017353800,17,25,353800,4240.070202236413934,2120.035101118205148,0.383938350201217,736,25017353800,5521.811249142293491
305,2,Cambridge,25017353900,17,25,353900,9461.968619083370868,4730.984309541685434,0.603510311031919,737,25017353900,7839.110986276884432
306,2,Cambridge,25017354000,17,25,354000,7989.903178189259052,3994.951589094629981,0.439505840778871,738,25017354000,9089.643910112697995
307,2,Cambridge,25017354100,17,25,354100,14970.279387691211014,7485.139693845600050,0.607753681760520,739,25017354100,12316.074617866386689
308,2,Cambridge,25017354200,17,25,354200,3919.545485095060485,1959.772742547530015,0.061577043427431,740,25017354200,31826.353352887530491
309,2,Cambridge,25017354300,17,25,354300,4155.643218026592876,2077.821609013295074,0.110378944528207,741,25017354300,18824.438101800493314
310,2,Cambridge,25017354400,17,25,354400,10488.674586207554967,5244.337293103800221,0.999956767799459,742,25017354400,5244.564027147568595
311,2,Cambridge,25017354500,17,25,354500,2452.450889990751875,1226.225444995375028,0.164796384184825,743,25017354500,7440.851636769692959
312,2,Cambridge,25017354600,17,25,354600,28052.517020042265358,14026.258510021150869,0.659269409907490,744,25017354600,21275.457801067110267
313,2,Cambridge,25017354700,17,25,354700,3769.575813796049260,1884.787906898025085,0.239821280358934,745,25017354700,7859.135369793369136
314,2,Cambridge,25017354800,17,25,354800,3952.865428054418317,1976.432714027210068,0.334534877995023,746,25017354800,5908.001957441983905
315,2,Cambridge,25017354900,17,25,354900,7484.113254050036630,3742.056627025020134,0.212666025252386,747,25017354900,17595.930626831715927
316,2,Cambridge,25025000100,25,25,100,50.863616509301984,25.431808254650999,0.000751467883470,1098,25025000100,33842.841209934056678
317,2,Cambridge,25025000803,25,25,803,348.426203623941092,174.213101811970489,0.007512939401251,1114,25025000803,23188.407693392789952
318,2,Cambridge,25025020301,25,25,20301,1890.093868975481882,945.046934487740032,0.114934657469492,1132,25025020301,8222.471405011958268
319,2,Cambridge,25025020303,25,25,20303,167.987148020840692,83.993574010420502,0.005057473195548,1134,25025020303,16607.813974052616686
320,2,Cambridge,25025040401,25,25,40401,408.078422394373547,204.039211197187001,0.011498540508569,1143,25025040401,17744.792136456369917
321,2,Cambridge,25025040600,25,25,40600,523.818954337001287,261.909477168500473,0.007945163066444,1144,25025040600,32964.644649604888400
322,2,Cambridge,25025981501,25,25,981501,2071.183290274211231,1035.591645137104933,0.025766547898542,1296,25025981501,40191.322842890440370
323,2,Medford-Malden,25017339500,17,25,339500,2719.255886854018172,1359.627943427009996,0.063964485099238,672,25017339500,21255.981992469853139
324,2,Medford-Malden,25017339600,17,25,339600,21642.621529969997937,10821.310764985000787,0.787774239331854,673,25017339600,13736.563376536676515
325,2,Medford-Malden,25017339700,17,25,339700,22033.184155445313081,11016.592077722649265,0.397884373041108,674,25017339700,27687.923487722360733
326,2,Medford-Malden,25017339801,17,25,339801,172.065274905957210,86.032637452978506,0.004523591469088,675,25017339801,19018.657639814409777
327,2,Medford-Malden,25017339802,17,25,339802,16654.070045420878159,8327.035022710449994,0.284409081455786,676,25017339802,29278.372477022880048
328,2,Medford-Malden,25017341200,17,25,341200,5106.486796186344691,2553.243398093170072,0.124701807482046,682,25017341200,20474.790619701056130
329,2,Medford-Malden,25017341300,17,25,341300,7255.219762856329908,3627.609881428164954,0.162471475517641,683,25017341300,22327.672410621245945
330,2,Medford-Malden,25017341400,17,25,341400,18803.772752925768145,9401.886376462900444,0.517943782237195,684,25017341400,18152.329845244243188
331,2,Medford-Malden,25017342300,17,25,342300,1812.385789762415016,906.192894881210009,0.068205182803563,695,25017342300,13286.276168940468779
332,2,Medford-Malden,25017342400,17,25,342400,293.825908089334121,146.912954044667003,0.003582016243145,696,25017342400,41014.039041791518684
333,2,Medford-Malden,25017350400,17,25,350400,852.600813301741141,426.300406650870514,0.035766642886316,703,25017350400,11918.938213068146069
334,2,S12114,25021415300,21,25,415300,22974.498300809595094,11487.249150404799366,0.126348946498768,926,25021415300,90916.857391579353134
335,2,S12114,25021416102,21,25,416102,56561.155655734706670,28280.577827867349697,0.436142405002797,928,25021416102,64842.531942487774359
336,2,S12114,25021416200,21,25,416200,56638.225626884232042,28319.112813442101469,0.551667699096874,929,25021416200,51333.643169253598899
337,2,S12114,25021416300,21,25,416300,28715.941410911829735,14357.970705455900315,0.435153860760207,930,25021416300,32995.158724715751305
338,2,S12114,25021416400,21,25,416400,1152.053839012093022,576.026919506045033,0.009826339683982,931,25021416400,58620.700894864494330
339,2,S12114,25025092101,25,25,92101,85.434989893316143,42.717494946658050,0.001947149304093,1215,25025092101,21938.479425720819563
340,2,S12114,25025100200,25,25,100200,1428.474948909395607,714.237474454699964,0.098016472197755,1220,25025100200,7286.912683550511247
341,2,S12114,25025100300,25,25,100300,13201.314456926416824,6600.657228463200227,0.770555041325147,1221,25025100300,8566.107382948070153
342,2,S12114,25025100400,25,25,100400,20668.898808947495127,10334.449404473749382,0.995905660078514,1222,25025100400,10376.936108244384741
343,2,S12114,25025100500,25,25,100500,13752.961956222263325,6876.480978111149852,0.446035049298219,1223,25025100500,15416.907233928024652
344,2,S12114,25025100601,25,25,100601,4357.927609053316701,2178.963804526660169,0.204377481897444,1224,25025100601,10661.467125913879499
345,2,S12114,25025100700,25,25,100700,896.494119322338292,448.247059661168976,0.019060243817105,1226,25025100700,23517.383301198806294
346,2,S12114,25025100800,25,25,100800,29822.966782164392498,14911.483391082199887,0.593305202705273,1227,25025100800,25132.905160937061737
347,2,S12114,25025100900,25,25,100900,31965.821191820163222,15982.910595910099801,0.999674990141465,1228,25025100900,15988.106888268144758
348,2,S12114,25025101001,25,25,101001,17469.945213231912930,8734.972606615949189,0.442392959638808,1229,25025101001,19744.827344783294393
349,2,S12114,25025101002,25,25,101002,31276.212362924605259,15638.106181462300810,0.913232486651200,1230,25025101002,17123.904821659205481
350,2,S12114,25025101102,25,25,101102,2053.626801638329198,1026.813400819165054,0.101463371314711,1232,25025101102,10120.040242249406219
351,2,S12114,25025140202,25,25,140202,173.006599485428126,86.503299742714006,0.003401236089651,1262,25025140202,25432.900705101681524
352,2,S12114,25025140400,25,25,140400,3100.633649394974782,1550.316824697484890,0.052231128366459,1264,25025140400,29681.855881425406551
353,2,Salem,25009204101,9,25,204101,17782.108013711294916,8891.054006855649277,0.496560165822724,234,25009204101,17905.290473964087141
354,2,Salem,25009204200,9,25,204200,13376.467818520188303,6688.233909260099608,0.350008737182282,236,25009204200,19108.762721477160085
355,2,Salem,25009204500,9,25,204500,2931.724847174525166,1465.862423587265084,0.078024058159131,239,25009204500,18787.313274549560447
356,2,Salem,25009204600,9,25,204600,12261.775210750522092,6130.887605375250132,0.131259037208621,240,25009204600,46708.308515404620266
357,2,Salem,25009204701,9,25,204701,7322.260415270900921,3661.130207635450006,0.099447639669696,241,25009204701,36814.651607574436639
358,2,Salem,25009204702,9,25,204702,21892.629317651601013,10946.314658825800507,0.377591801540049,242,25009204702,28989.810197626291483
359,2,Salem,25009210700,9,25,210700,13.403300689700744,6.701650344850350,0.000454886789859,278,25009210700,14732.567518449110139
360,2,Salem,25009210800,9,25,210800,58.369254164622689,29.184627082311351,0.001836648102887,279,25009210800,15890.157203461385507
361,2,Stoneham,25017333400,17,25,333400,20159.345023533420317,10079.672511766699245,0.180602243649458,640,25017333400,55811.446790943446103
362,2,Stoneham,25017335400,17,25,335400,5004.571341533356645,2502.285670766680141,0.076807321824612,652,25017335400,32578.738736400842754
363,2,Stoneham,25017336100,17,25,336100,38882.845462109034997,19441.422731054499309,0.699975952132269,653,25017336100,27774.415209311126091
364,2,Stoneham,25017336200,17,25,336200,1844.604907064299141,922.302453532150025,0.027043743678758,654,25017336200,34104.096847234817687
365,2,Stoneham,25017337101,17,25,337101,7654.316540536266984,3827.158270268134856,0.198639292150378,658,25017337101,19266.874286738893716
366,2,Stoneham,25017337102,17,25,337102,33944.384170101315249,16972.192085050650348,0.368156204266201,659,25017337102,46100.518987257630215
367,2,Stoneham,25017337201,17,25,337201,1415.388212705696787,707.694106352849985,0.037136291038436,660,25017337201,19056.671696707202500
368,2,Stoneham,25017337202,17,25,337202,21090.315824115103169,10545.157912057549765,0.260807478514255,661,25017337202,40432.728279611474136
369,2,Stoneham,25017337300,17,25,337300,42065.711964814901876,21032.855982407450938,0.531124211046814,662,25017337300,39600.634926720777003
370,2,Watertown,25017353600,17,25,353600,1453.921398376077377,726.960699188040053,0.063237260851281,734,25017353600,11495.765145452447541
371,2,Watertown,25017353700,17,25,353700,6517.727531445349086,3258.863765722674998,0.352220174958525,735,25017353700,9252.348381538371541
372,2,Watertown,25017353800,17,25,353800,145.781168363175823,72.890584181587997,0.013200484567978,736,25017353800,5521.811249142293491
373,2,Watertown,25017353900,17,25,353900,8093.318260665750131,4046.659130332875066,0.516214037206125,737,25017353900,7839.110986276884432
374,2,Watertown,25017354000,17,25,354000,5828.246858753755077,2914.123429376879812,0.320598194846199,738,25017354000,9089.643910112697995
375,2,Watertown,25017354100,17,25,354100,17481.903427854289475,8740.951713927150195,0.709718963641794,739,25017354100,12316.074617866386689
376,2,Watertown,25017354200,17,25,354200,123.468467862151186,61.734233931075501,0.001939720622296,740,25017354200,31826.353352887530491
377,2,Watertown,25017368700,17,25,368700,60.488997042782778,30.244498521391399,0.002055950954127,801,25017368700,14710.710126948128163
378,2,Watertown,25017368800,17,25,368800,2310.297214131450801,1155.148607065724946,0.042806783457438,802,25017368800,26985.176501623005606
379,2,Watertown,25017370101,17,25,370101,1857.005415938199803,928.502707969100015,0.033407452880357,807,25017370101,27793.280478292523185
380,2,Watertown,25017370102,17,25,370102,64228.711806745559443,32114.355903372801549,0.816814881214506,808,25017370102,39316.565652700352075
381,2,Watertown,25017370201,17,25,370201,562.919330656690477,281.459665328345011,0.017807674027401,809,25017370201,15805.526589000419335
382,2,Watertown,25017370202,17,25,370202,3688.924329020247569,1844.462164510124921,0.099980321836720,810,25017370202,18448.251922236806422
383,2,Watertown,25017370400,17,25,370400,21862.622123937377182,10931.311061968699505,0.385579680934294,812,25017370400,28350.329652955741039
384,2,Watertown,25017373100,17,25,373100,113.193090296462827,56.596545148231499,0.001679137490272,813,25017373100,33705.724204309735796
385,2,Watertown,25017373200,17,25,373200,12197.588231700603501,6098.794115850299931,0.312348214078352,814,25017373200,19525.625058705940319
386,2,Watertown,25017373300,17,25,373300,3634.316574889180629,1817.158287444590087,0.088781030813190,815,25017373300,20467.866511577147321
387,2,Watertown,25025000100,25,25,100,150.799952364149533,75.399976182074994,0.002227944625404,1098,25025000100,33842.841209934056678
388,2,Watertown,25025000803,25,25,803,260.856551299965020,130.428275649982510,0.005624718927430,1114,25025000803,23188.407693392789952
389,2,Watertown,25025981501,25,25,981501,984.358710079712750,492.179355039856489,0.012245910814227,1296,25025981501,40191.322842890440370
